familie,djibouti
familie,ivoorkust
familie,guinee
familie,sahara
familie,malawi
familie,equatoriaal-guinea
familie,eritrea
familie,madeira
familie,somalië
familie,congo-kinshasa
familie,soedan
familie,canarische_eilanden
familie,zuid-soedan
familie,ethiopië
familie,afrikaanse_republiek
familie,egypte
familie,congo-brazzaville
familie,nigeria
familie,swaziland
familie,rwanda
familie,gabon
familie,liberia
familie,mauritius
familie,sierra_leone
familie,zuid-afrika
familie,lesotho
familie,kenia
familie,namibië
familie,ghana
familie,afrika
familie,comoren
familie,mauritanië
familie,guinee-bissau
familie,marokko
familie,burundi
familie,réunion
familie,angola
familie,senegal
familie,burkina faso
familie,mayotte
familie,togo
familie,zambia
familie,libië
familie,ceuta
familie,mozambique
familie,tunesië
familie,zimbabwe
familie,botswana
familie,kameroen
familie,madagaskar
familie,algerije
familie,gambia
familie,mali
familie,melilla
familie,niger
familie,oeganda
familie,benin
familie,seychellen
familie,kaapverdië
familie,tanzania
familie,tsjaad
regenboog,djibouti
regenboog,ivoorkust
regenboog,guinee
regenboog,sahara
regenboog,malawi
regenboog,equatoriaal-guinea
regenboog,eritrea
regenboog,madeira
regenboog,somalië
regenboog,congo-kinshasa
regenboog,soedan
regenboog,canarische_eilanden
regenboog,zuid-soedan
regenboog,ethiopië
regenboog,afrikaanse_republiek
regenboog,egypte
regenboog,congo-brazzaville
regenboog,nigeria
regenboog,swaziland
regenboog,rwanda
regenboog,gabon
regenboog,liberia
regenboog,mauritius
regenboog,sierra_leone
regenboog,zuid-afrika
regenboog,lesotho
regenboog,kenia
regenboog,namibië
regenboog,ghana
regenboog,afrika
regenboog,comoren
regenboog,mauritanië
regenboog,guinee-bissau
regenboog,marokko
regenboog,burundi
regenboog,réunion
regenboog,angola
regenboog,senegal
regenboog,burkina faso
regenboog,mayotte
regenboog,togo
regenboog,zambia
regenboog,libië
regenboog,ceuta
regenboog,mozambique
regenboog,tunesië
regenboog,zimbabwe
regenboog,botswana
regenboog,kameroen
regenboog,madagaskar
regenboog,algerije
regenboog,gambia
regenboog,mali
regenboog,melilla
regenboog,niger
regenboog,oeganda
regenboog,benin
regenboog,seychellen
regenboog,kaapverdië
regenboog,tanzania
regenboog,tsjaad
zachtaardig,djibouti
zachtaardig,ivoorkust
zachtaardig,guinee
zachtaardig,sahara
zachtaardig,malawi
zachtaardig,equatoriaal-guinea
zachtaardig,eritrea
zachtaardig,madeira
zachtaardig,somalië
zachtaardig,congo-kinshasa
zachtaardig,soedan
zachtaardig,canarische_eilanden
zachtaardig,zuid-soedan
zachtaardig,ethiopië
zachtaardig,afrikaanse_republiek
zachtaardig,egypte
zachtaardig,congo-brazzaville
zachtaardig,nigeria
zachtaardig,swaziland
zachtaardig,rwanda
zachtaardig,gabon
zachtaardig,liberia
zachtaardig,mauritius
zachtaardig,sierra_leone
zachtaardig,zuid-afrika
zachtaardig,lesotho
zachtaardig,kenia
zachtaardig,namibië
zachtaardig,ghana
zachtaardig,afrika
zachtaardig,comoren
zachtaardig,mauritanië
zachtaardig,guinee-bissau
zachtaardig,marokko
zachtaardig,burundi
zachtaardig,réunion
zachtaardig,angola
zachtaardig,senegal
zachtaardig,burkina faso
zachtaardig,mayotte
zachtaardig,togo
zachtaardig,zambia
zachtaardig,libië
zachtaardig,ceuta
zachtaardig,mozambique
zachtaardig,tunesië
zachtaardig,zimbabwe
zachtaardig,botswana
zachtaardig,kameroen
zachtaardig,madagaskar
zachtaardig,algerije
zachtaardig,gambia
zachtaardig,mali
zachtaardig,melilla
zachtaardig,niger
zachtaardig,oeganda
zachtaardig,benin
zachtaardig,seychellen
zachtaardig,kaapverdië
zachtaardig,tanzania
zachtaardig,tsjaad
plezier,djibouti
plezier,ivoorkust
plezier,guinee
plezier,sahara
plezier,malawi
plezier,equatoriaal-guinea
plezier,eritrea
plezier,madeira
plezier,somalië
plezier,congo-kinshasa
plezier,soedan
plezier,canarische_eilanden
plezier,zuid-soedan
plezier,ethiopië
plezier,afrikaanse_republiek
plezier,egypte
plezier,congo-brazzaville
plezier,nigeria
plezier,swaziland
plezier,rwanda
plezier,gabon
plezier,liberia
plezier,mauritius
plezier,sierra_leone
plezier,zuid-afrika
plezier,lesotho
plezier,kenia
plezier,namibië
plezier,ghana
plezier,afrika
plezier,comoren
plezier,mauritanië
plezier,guinee-bissau
plezier,marokko
plezier,burundi
plezier,réunion
plezier,angola
plezier,senegal
plezier,burkina faso
plezier,mayotte
plezier,togo
plezier,zambia
plezier,libië
plezier,ceuta
plezier,mozambique
plezier,tunesië
plezier,zimbabwe
plezier,botswana
plezier,kameroen
plezier,madagaskar
plezier,algerije
plezier,gambia
plezier,mali
plezier,melilla
plezier,niger
plezier,oeganda
plezier,benin
plezier,seychellen
plezier,kaapverdië
plezier,tanzania
plezier,tsjaad
eerlijk,djibouti
eerlijk,ivoorkust
eerlijk,guinee
eerlijk,sahara
eerlijk,malawi
eerlijk,equatoriaal-guinea
eerlijk,eritrea
eerlijk,madeira
eerlijk,somalië
eerlijk,congo-kinshasa
eerlijk,soedan
eerlijk,canarische_eilanden
eerlijk,zuid-soedan
eerlijk,ethiopië
eerlijk,afrikaanse_republiek
eerlijk,egypte
eerlijk,congo-brazzaville
eerlijk,nigeria
eerlijk,swaziland
eerlijk,rwanda
eerlijk,gabon
eerlijk,liberia
eerlijk,mauritius
eerlijk,sierra_leone
eerlijk,zuid-afrika
eerlijk,lesotho
eerlijk,kenia
eerlijk,namibië
eerlijk,ghana
eerlijk,afrika
eerlijk,comoren
eerlijk,mauritanië
eerlijk,guinee-bissau
eerlijk,marokko
eerlijk,burundi
eerlijk,réunion
eerlijk,angola
eerlijk,senegal
eerlijk,burkina faso
eerlijk,mayotte
eerlijk,togo
eerlijk,zambia
eerlijk,libië
eerlijk,ceuta
eerlijk,mozambique
eerlijk,tunesië
eerlijk,zimbabwe
eerlijk,botswana
eerlijk,kameroen
eerlijk,madagaskar
eerlijk,algerije
eerlijk,gambia
eerlijk,mali
eerlijk,melilla
eerlijk,niger
eerlijk,oeganda
eerlijk,benin
eerlijk,seychellen
eerlijk,kaapverdië
eerlijk,tanzania
eerlijk,tsjaad
eer,djibouti
eer,ivoorkust
eer,guinee
eer,sahara
eer,malawi
eer,equatoriaal-guinea
eer,eritrea
eer,madeira
eer,somalië
eer,congo-kinshasa
eer,soedan
eer,canarische_eilanden
eer,zuid-soedan
eer,ethiopië
eer,afrikaanse_republiek
eer,egypte
eer,congo-brazzaville
eer,nigeria
eer,swaziland
eer,rwanda
eer,gabon
eer,liberia
eer,mauritius
eer,sierra_leone
eer,zuid-afrika
eer,lesotho
eer,kenia
eer,namibië
eer,ghana
eer,afrika
eer,comoren
eer,mauritanië
eer,guinee-bissau
eer,marokko
eer,burundi
eer,réunion
eer,angola
eer,senegal
eer,burkina faso
eer,mayotte
eer,togo
eer,zambia
eer,libië
eer,ceuta
eer,mozambique
eer,tunesië
eer,zimbabwe
eer,botswana
eer,kameroen
eer,madagaskar
eer,algerije
eer,gambia
eer,mali
eer,melilla
eer,niger
eer,oeganda
eer,benin
eer,seychellen
eer,kaapverdië
eer,tanzania
eer,tsjaad
vrede,djibouti
vrede,ivoorkust
vrede,guinee
vrede,sahara
vrede,malawi
vrede,equatoriaal-guinea
vrede,eritrea
vrede,madeira
vrede,somalië
vrede,congo-kinshasa
vrede,soedan
vrede,canarische_eilanden
vrede,zuid-soedan
vrede,ethiopië
vrede,afrikaanse_republiek
vrede,egypte
vrede,congo-brazzaville
vrede,nigeria
vrede,swaziland
vrede,rwanda
vrede,gabon
vrede,liberia
vrede,mauritius
vrede,sierra_leone
vrede,zuid-afrika
vrede,lesotho
vrede,kenia
vrede,namibië
vrede,ghana
vrede,afrika
vrede,comoren
vrede,mauritanië
vrede,guinee-bissau
vrede,marokko
vrede,burundi
vrede,réunion
vrede,angola
vrede,senegal
vrede,burkina faso
vrede,mayotte
vrede,togo
vrede,zambia
vrede,libië
vrede,ceuta
vrede,mozambique
vrede,tunesië
vrede,zimbabwe
vrede,botswana
vrede,kameroen
vrede,madagaskar
vrede,algerije
vrede,gambia
vrede,mali
vrede,melilla
vrede,niger
vrede,oeganda
vrede,benin
vrede,seychellen
vrede,kaapverdië
vrede,tanzania
vrede,tsjaad
hemel,djibouti
hemel,ivoorkust
hemel,guinee
hemel,sahara
hemel,malawi
hemel,equatoriaal-guinea
hemel,eritrea
hemel,madeira
hemel,somalië
hemel,congo-kinshasa
hemel,soedan
hemel,canarische_eilanden
hemel,zuid-soedan
hemel,ethiopië
hemel,afrikaanse_republiek
hemel,egypte
hemel,congo-brazzaville
hemel,nigeria
hemel,swaziland
hemel,rwanda
hemel,gabon
hemel,liberia
hemel,mauritius
hemel,sierra_leone
hemel,zuid-afrika
hemel,lesotho
hemel,kenia
hemel,namibië
hemel,ghana
hemel,afrika
hemel,comoren
hemel,mauritanië
hemel,guinee-bissau
hemel,marokko
hemel,burundi
hemel,réunion
hemel,angola
hemel,senegal
hemel,burkina faso
hemel,mayotte
hemel,togo
hemel,zambia
hemel,libië
hemel,ceuta
hemel,mozambique
hemel,tunesië
hemel,zimbabwe
hemel,botswana
hemel,kameroen
hemel,madagaskar
hemel,algerije
hemel,gambia
hemel,mali
hemel,melilla
hemel,niger
hemel,oeganda
hemel,benin
hemel,seychellen
hemel,kaapverdië
hemel,tanzania
hemel,tsjaad
gejuich,djibouti
gejuich,ivoorkust
gejuich,guinee
gejuich,sahara
gejuich,malawi
gejuich,equatoriaal-guinea
gejuich,eritrea
gejuich,madeira
gejuich,somalië
gejuich,congo-kinshasa
gejuich,soedan
gejuich,canarische_eilanden
gejuich,zuid-soedan
gejuich,ethiopië
gejuich,afrikaanse_republiek
gejuich,egypte
gejuich,congo-brazzaville
gejuich,nigeria
gejuich,swaziland
gejuich,rwanda
gejuich,gabon
gejuich,liberia
gejuich,mauritius
gejuich,sierra_leone
gejuich,zuid-afrika
gejuich,lesotho
gejuich,kenia
gejuich,namibië
gejuich,ghana
gejuich,afrika
gejuich,comoren
gejuich,mauritanië
gejuich,guinee-bissau
gejuich,marokko
gejuich,burundi
gejuich,réunion
gejuich,angola
gejuich,senegal
gejuich,burkina faso
gejuich,mayotte
gejuich,togo
gejuich,zambia
gejuich,libië
gejuich,ceuta
gejuich,mozambique
gejuich,tunesië
gejuich,zimbabwe
gejuich,botswana
gejuich,kameroen
gejuich,madagaskar
gejuich,algerije
gejuich,gambia
gejuich,mali
gejuich,melilla
gejuich,niger
gejuich,oeganda
gejuich,benin
gejuich,seychellen
gejuich,kaapverdië
gejuich,tanzania
gejuich,tsjaad
loyaal,djibouti
loyaal,ivoorkust
loyaal,guinee
loyaal,sahara
loyaal,malawi
loyaal,equatoriaal-guinea
loyaal,eritrea
loyaal,madeira
loyaal,somalië
loyaal,congo-kinshasa
loyaal,soedan
loyaal,canarische_eilanden
loyaal,zuid-soedan
loyaal,ethiopië
loyaal,afrikaanse_republiek
loyaal,egypte
loyaal,congo-brazzaville
loyaal,nigeria
loyaal,swaziland
loyaal,rwanda
loyaal,gabon
loyaal,liberia
loyaal,mauritius
loyaal,sierra_leone
loyaal,zuid-afrika
loyaal,lesotho
loyaal,kenia
loyaal,namibië
loyaal,ghana
loyaal,afrika
loyaal,comoren
loyaal,mauritanië
loyaal,guinee-bissau
loyaal,marokko
loyaal,burundi
loyaal,réunion
loyaal,angola
loyaal,senegal
loyaal,burkina faso
loyaal,mayotte
loyaal,togo
loyaal,zambia
loyaal,libië
loyaal,ceuta
loyaal,mozambique
loyaal,tunesië
loyaal,zimbabwe
loyaal,botswana
loyaal,kameroen
loyaal,madagaskar
loyaal,algerije
loyaal,gambia
loyaal,mali
loyaal,melilla
loyaal,niger
loyaal,oeganda
loyaal,benin
loyaal,seychellen
loyaal,kaapverdië
loyaal,tanzania
loyaal,tsjaad
liefde,djibouti
liefde,ivoorkust
liefde,guinee
liefde,sahara
liefde,malawi
liefde,equatoriaal-guinea
liefde,eritrea
liefde,madeira
liefde,somalië
liefde,congo-kinshasa
liefde,soedan
liefde,canarische_eilanden
liefde,zuid-soedan
liefde,ethiopië
liefde,afrikaanse_republiek
liefde,egypte
liefde,congo-brazzaville
liefde,nigeria
liefde,swaziland
liefde,rwanda
liefde,gabon
liefde,liberia
liefde,mauritius
liefde,sierra_leone
liefde,zuid-afrika
liefde,lesotho
liefde,kenia
liefde,namibië
liefde,ghana
liefde,afrika
liefde,comoren
liefde,mauritanië
liefde,guinee-bissau
liefde,marokko
liefde,burundi
liefde,réunion
liefde,angola
liefde,senegal
liefde,burkina faso
liefde,mayotte
liefde,togo
liefde,zambia
liefde,libië
liefde,ceuta
liefde,mozambique
liefde,tunesië
liefde,zimbabwe
liefde,botswana
liefde,kameroen
liefde,madagaskar
liefde,algerije
liefde,gambia
liefde,mali
liefde,melilla
liefde,niger
liefde,oeganda
liefde,benin
liefde,seychellen
liefde,kaapverdië
liefde,tanzania
liefde,tsjaad
vriend,djibouti
vriend,ivoorkust
vriend,guinee
vriend,sahara
vriend,malawi
vriend,equatoriaal-guinea
vriend,eritrea
vriend,madeira
vriend,somalië
vriend,congo-kinshasa
vriend,soedan
vriend,canarische_eilanden
vriend,zuid-soedan
vriend,ethiopië
vriend,afrikaanse_republiek
vriend,egypte
vriend,congo-brazzaville
vriend,nigeria
vriend,swaziland
vriend,rwanda
vriend,gabon
vriend,liberia
vriend,mauritius
vriend,sierra_leone
vriend,zuid-afrika
vriend,lesotho
vriend,kenia
vriend,namibië
vriend,ghana
vriend,afrika
vriend,comoren
vriend,mauritanië
vriend,guinee-bissau
vriend,marokko
vriend,burundi
vriend,réunion
vriend,angola
vriend,senegal
vriend,burkina faso
vriend,mayotte
vriend,togo
vriend,zambia
vriend,libië
vriend,ceuta
vriend,mozambique
vriend,tunesië
vriend,zimbabwe
vriend,botswana
vriend,kameroen
vriend,madagaskar
vriend,algerije
vriend,gambia
vriend,mali
vriend,melilla
vriend,niger
vriend,oeganda
vriend,benin
vriend,seychellen
vriend,kaapverdië
vriend,tanzania
vriend,tsjaad
geschenk,djibouti
geschenk,ivoorkust
geschenk,guinee
geschenk,sahara
geschenk,malawi
geschenk,equatoriaal-guinea
geschenk,eritrea
geschenk,madeira
geschenk,somalië
geschenk,congo-kinshasa
geschenk,soedan
geschenk,canarische_eilanden
geschenk,zuid-soedan
geschenk,ethiopië
geschenk,afrikaanse_republiek
geschenk,egypte
geschenk,congo-brazzaville
geschenk,nigeria
geschenk,swaziland
geschenk,rwanda
geschenk,gabon
geschenk,liberia
geschenk,mauritius
geschenk,sierra_leone
geschenk,zuid-afrika
geschenk,lesotho
geschenk,kenia
geschenk,namibië
geschenk,ghana
geschenk,afrika
geschenk,comoren
geschenk,mauritanië
geschenk,guinee-bissau
geschenk,marokko
geschenk,burundi
geschenk,réunion
geschenk,angola
geschenk,senegal
geschenk,burkina faso
geschenk,mayotte
geschenk,togo
geschenk,zambia
geschenk,libië
geschenk,ceuta
geschenk,mozambique
geschenk,tunesië
geschenk,zimbabwe
geschenk,botswana
geschenk,kameroen
geschenk,madagaskar
geschenk,algerije
geschenk,gambia
geschenk,mali
geschenk,melilla
geschenk,niger
geschenk,oeganda
geschenk,benin
geschenk,seychellen
geschenk,kaapverdië
geschenk,tanzania
geschenk,tsjaad
diamant,djibouti
diamant,ivoorkust
diamant,guinee
diamant,sahara
diamant,malawi
diamant,equatoriaal-guinea
diamant,eritrea
diamant,madeira
diamant,somalië
diamant,congo-kinshasa
diamant,soedan
diamant,canarische_eilanden
diamant,zuid-soedan
diamant,ethiopië
diamant,afrikaanse_republiek
diamant,egypte
diamant,congo-brazzaville
diamant,nigeria
diamant,swaziland
diamant,rwanda
diamant,gabon
diamant,liberia
diamant,mauritius
diamant,sierra_leone
diamant,zuid-afrika
diamant,lesotho
diamant,kenia
diamant,namibië
diamant,ghana
diamant,afrika
diamant,comoren
diamant,mauritanië
diamant,guinee-bissau
diamant,marokko
diamant,burundi
diamant,réunion
diamant,angola
diamant,senegal
diamant,burkina faso
diamant,mayotte
diamant,togo
diamant,zambia
diamant,libië
diamant,ceuta
diamant,mozambique
diamant,tunesië
diamant,zimbabwe
diamant,botswana
diamant,kameroen
diamant,madagaskar
diamant,algerije
diamant,gambia
diamant,mali
diamant,melilla
diamant,niger
diamant,oeganda
diamant,benin
diamant,seychellen
diamant,kaapverdië
diamant,tanzania
diamant,tsjaad
gelukkig,djibouti
gelukkig,ivoorkust
gelukkig,guinee
gelukkig,sahara
gelukkig,malawi
gelukkig,equatoriaal-guinea
gelukkig,eritrea
gelukkig,madeira
gelukkig,somalië
gelukkig,congo-kinshasa
gelukkig,soedan
gelukkig,canarische_eilanden
gelukkig,zuid-soedan
gelukkig,ethiopië
gelukkig,afrikaanse_republiek
gelukkig,egypte
gelukkig,congo-brazzaville
gelukkig,nigeria
gelukkig,swaziland
gelukkig,rwanda
gelukkig,gabon
gelukkig,liberia
gelukkig,mauritius
gelukkig,sierra_leone
gelukkig,zuid-afrika
gelukkig,lesotho
gelukkig,kenia
gelukkig,namibië
gelukkig,ghana
gelukkig,afrika
gelukkig,comoren
gelukkig,mauritanië
gelukkig,guinee-bissau
gelukkig,marokko
gelukkig,burundi
gelukkig,réunion
gelukkig,angola
gelukkig,senegal
gelukkig,burkina faso
gelukkig,mayotte
gelukkig,togo
gelukkig,zambia
gelukkig,libië
gelukkig,ceuta
gelukkig,mozambique
gelukkig,tunesië
gelukkig,zimbabwe
gelukkig,botswana
gelukkig,kameroen
gelukkig,madagaskar
gelukkig,algerije
gelukkig,gambia
gelukkig,mali
gelukkig,melilla
gelukkig,niger
gelukkig,oeganda
gelukkig,benin
gelukkig,seychellen
gelukkig,kaapverdië
gelukkig,tanzania
gelukkig,tsjaad
gezondheid,djibouti
gezondheid,ivoorkust
gezondheid,guinee
gezondheid,sahara
gezondheid,malawi
gezondheid,equatoriaal-guinea
gezondheid,eritrea
gezondheid,madeira
gezondheid,somalië
gezondheid,congo-kinshasa
gezondheid,soedan
gezondheid,canarische_eilanden
gezondheid,zuid-soedan
gezondheid,ethiopië
gezondheid,afrikaanse_republiek
gezondheid,egypte
gezondheid,congo-brazzaville
gezondheid,nigeria
gezondheid,swaziland
gezondheid,rwanda
gezondheid,gabon
gezondheid,liberia
gezondheid,mauritius
gezondheid,sierra_leone
gezondheid,zuid-afrika
gezondheid,lesotho
gezondheid,kenia
gezondheid,namibië
gezondheid,ghana
gezondheid,afrika
gezondheid,comoren
gezondheid,mauritanië
gezondheid,guinee-bissau
gezondheid,marokko
gezondheid,burundi
gezondheid,réunion
gezondheid,angola
gezondheid,senegal
gezondheid,burkina faso
gezondheid,mayotte
gezondheid,togo
gezondheid,zambia
gezondheid,libië
gezondheid,ceuta
gezondheid,mozambique
gezondheid,tunesië
gezondheid,zimbabwe
gezondheid,botswana
gezondheid,kameroen
gezondheid,madagaskar
gezondheid,algerije
gezondheid,gambia
gezondheid,mali
gezondheid,melilla
gezondheid,niger
gezondheid,oeganda
gezondheid,benin
gezondheid,seychellen
gezondheid,kaapverdië
gezondheid,tanzania
gezondheid,tsjaad
diploma,djibouti
diploma,ivoorkust
diploma,guinee
diploma,sahara
diploma,malawi
diploma,equatoriaal-guinea
diploma,eritrea
diploma,madeira
diploma,somalië
diploma,congo-kinshasa
diploma,soedan
diploma,canarische_eilanden
diploma,zuid-soedan
diploma,ethiopië
diploma,afrikaanse_republiek
diploma,egypte
diploma,congo-brazzaville
diploma,nigeria
diploma,swaziland
diploma,rwanda
diploma,gabon
diploma,liberia
diploma,mauritius
diploma,sierra_leone
diploma,zuid-afrika
diploma,lesotho
diploma,kenia
diploma,namibië
diploma,ghana
diploma,afrika
diploma,comoren
diploma,mauritanië
diploma,guinee-bissau
diploma,marokko
diploma,burundi
diploma,réunion
diploma,angola
diploma,senegal
diploma,burkina faso
diploma,mayotte
diploma,togo
diploma,zambia
diploma,libië
diploma,ceuta
diploma,mozambique
diploma,tunesië
diploma,zimbabwe
diploma,botswana
diploma,kameroen
diploma,madagaskar
diploma,algerije
diploma,gambia
diploma,mali
diploma,melilla
diploma,niger
diploma,oeganda
diploma,benin
diploma,seychellen
diploma,kaapverdië
diploma,tanzania
diploma,tsjaad
paradijs,djibouti
paradijs,ivoorkust
paradijs,guinee
paradijs,sahara
paradijs,malawi
paradijs,equatoriaal-guinea
paradijs,eritrea
paradijs,madeira
paradijs,somalië
paradijs,congo-kinshasa
paradijs,soedan
paradijs,canarische_eilanden
paradijs,zuid-soedan
paradijs,ethiopië
paradijs,afrikaanse_republiek
paradijs,egypte
paradijs,congo-brazzaville
paradijs,nigeria
paradijs,swaziland
paradijs,rwanda
paradijs,gabon
paradijs,liberia
paradijs,mauritius
paradijs,sierra_leone
paradijs,zuid-afrika
paradijs,lesotho
paradijs,kenia
paradijs,namibië
paradijs,ghana
paradijs,afrika
paradijs,comoren
paradijs,mauritanië
paradijs,guinee-bissau
paradijs,marokko
paradijs,burundi
paradijs,réunion
paradijs,angola
paradijs,senegal
paradijs,burkina faso
paradijs,mayotte
paradijs,togo
paradijs,zambia
paradijs,libië
paradijs,ceuta
paradijs,mozambique
paradijs,tunesië
paradijs,zimbabwe
paradijs,botswana
paradijs,kameroen
paradijs,madagaskar
paradijs,algerije
paradijs,gambia
paradijs,mali
paradijs,melilla
paradijs,niger
paradijs,oeganda
paradijs,benin
paradijs,seychellen
paradijs,kaapverdië
paradijs,tanzania
paradijs,tsjaad
wonder,djibouti
wonder,ivoorkust
wonder,guinee
wonder,sahara
wonder,malawi
wonder,equatoriaal-guinea
wonder,eritrea
wonder,madeira
wonder,somalië
wonder,congo-kinshasa
wonder,soedan
wonder,canarische_eilanden
wonder,zuid-soedan
wonder,ethiopië
wonder,afrikaanse_republiek
wonder,egypte
wonder,congo-brazzaville
wonder,nigeria
wonder,swaziland
wonder,rwanda
wonder,gabon
wonder,liberia
wonder,mauritius
wonder,sierra_leone
wonder,zuid-afrika
wonder,lesotho
wonder,kenia
wonder,namibië
wonder,ghana
wonder,afrika
wonder,comoren
wonder,mauritanië
wonder,guinee-bissau
wonder,marokko
wonder,burundi
wonder,réunion
wonder,angola
wonder,senegal
wonder,burkina faso
wonder,mayotte
wonder,togo
wonder,zambia
wonder,libië
wonder,ceuta
wonder,mozambique
wonder,tunesië
wonder,zimbabwe
wonder,botswana
wonder,kameroen
wonder,madagaskar
wonder,algerije
wonder,gambia
wonder,mali
wonder,melilla
wonder,niger
wonder,oeganda
wonder,benin
wonder,seychellen
wonder,kaapverdië
wonder,tanzania
wonder,tsjaad
zonsopgang,djibouti
zonsopgang,ivoorkust
zonsopgang,guinee
zonsopgang,sahara
zonsopgang,malawi
zonsopgang,equatoriaal-guinea
zonsopgang,eritrea
zonsopgang,madeira
zonsopgang,somalië
zonsopgang,congo-kinshasa
zonsopgang,soedan
zonsopgang,canarische_eilanden
zonsopgang,zuid-soedan
zonsopgang,ethiopië
zonsopgang,afrikaanse_republiek
zonsopgang,egypte
zonsopgang,congo-brazzaville
zonsopgang,nigeria
zonsopgang,swaziland
zonsopgang,rwanda
zonsopgang,gabon
zonsopgang,liberia
zonsopgang,mauritius
zonsopgang,sierra_leone
zonsopgang,zuid-afrika
zonsopgang,lesotho
zonsopgang,kenia
zonsopgang,namibië
zonsopgang,ghana
zonsopgang,afrika
zonsopgang,comoren
zonsopgang,mauritanië
zonsopgang,guinee-bissau
zonsopgang,marokko
zonsopgang,burundi
zonsopgang,réunion
zonsopgang,angola
zonsopgang,senegal
zonsopgang,burkina faso
zonsopgang,mayotte
zonsopgang,togo
zonsopgang,zambia
zonsopgang,libië
zonsopgang,ceuta
zonsopgang,mozambique
zonsopgang,tunesië
zonsopgang,zimbabwe
zonsopgang,botswana
zonsopgang,kameroen
zonsopgang,madagaskar
zonsopgang,algerije
zonsopgang,gambia
zonsopgang,mali
zonsopgang,melilla
zonsopgang,niger
zonsopgang,oeganda
zonsopgang,benin
zonsopgang,seychellen
zonsopgang,kaapverdië
zonsopgang,tanzania
zonsopgang,tsjaad
gelach,djibouti
gelach,ivoorkust
gelach,guinee
gelach,sahara
gelach,malawi
gelach,equatoriaal-guinea
gelach,eritrea
gelach,madeira
gelach,somalië
gelach,congo-kinshasa
gelach,soedan
gelach,canarische_eilanden
gelach,zuid-soedan
gelach,ethiopië
gelach,afrikaanse_republiek
gelach,egypte
gelach,congo-brazzaville
gelach,nigeria
gelach,swaziland
gelach,rwanda
gelach,gabon
gelach,liberia
gelach,mauritius
gelach,sierra_leone
gelach,zuid-afrika
gelach,lesotho
gelach,kenia
gelach,namibië
gelach,ghana
gelach,afrika
gelach,comoren
gelach,mauritanië
gelach,guinee-bissau
gelach,marokko
gelach,burundi
gelach,réunion
gelach,angola
gelach,senegal
gelach,burkina faso
gelach,mayotte
gelach,togo
gelach,zambia
gelach,libië
gelach,ceuta
gelach,mozambique
gelach,tunesië
gelach,zimbabwe
gelach,botswana
gelach,kameroen
gelach,madagaskar
gelach,algerije
gelach,gambia
gelach,mali
gelach,melilla
gelach,niger
gelach,oeganda
gelach,benin
gelach,seychellen
gelach,kaapverdië
gelach,tanzania
gelach,tsjaad
vakantie,djibouti
vakantie,ivoorkust
vakantie,guinee
vakantie,sahara
vakantie,malawi
vakantie,equatoriaal-guinea
vakantie,eritrea
vakantie,madeira
vakantie,somalië
vakantie,congo-kinshasa
vakantie,soedan
vakantie,canarische_eilanden
vakantie,zuid-soedan
vakantie,ethiopië
vakantie,afrikaanse_republiek
vakantie,egypte
vakantie,congo-brazzaville
vakantie,nigeria
vakantie,swaziland
vakantie,rwanda
vakantie,gabon
vakantie,liberia
vakantie,mauritius
vakantie,sierra_leone
vakantie,zuid-afrika
vakantie,lesotho
vakantie,kenia
vakantie,namibië
vakantie,ghana
vakantie,afrika
vakantie,comoren
vakantie,mauritanië
vakantie,guinee-bissau
vakantie,marokko
vakantie,burundi
vakantie,réunion
vakantie,angola
vakantie,senegal
vakantie,burkina faso
vakantie,mayotte
vakantie,togo
vakantie,zambia
vakantie,libië
vakantie,ceuta
vakantie,mozambique
vakantie,tunesië
vakantie,zimbabwe
vakantie,botswana
vakantie,kameroen
vakantie,madagaskar
vakantie,algerije
vakantie,gambia
vakantie,mali
vakantie,melilla
vakantie,niger
vakantie,oeganda
vakantie,benin
vakantie,seychellen
vakantie,kaapverdië
vakantie,tanzania
vakantie,tsjaad
vrijheid,djibouti
vrijheid,ivoorkust
vrijheid,guinee
vrijheid,sahara
vrijheid,malawi
vrijheid,equatoriaal-guinea
vrijheid,eritrea
vrijheid,madeira
vrijheid,somalië
vrijheid,congo-kinshasa
vrijheid,soedan
vrijheid,canarische_eilanden
vrijheid,zuid-soedan
vrijheid,ethiopië
vrijheid,afrikaanse_republiek
vrijheid,egypte
vrijheid,congo-brazzaville
vrijheid,nigeria
vrijheid,swaziland
vrijheid,rwanda
vrijheid,gabon
vrijheid,liberia
vrijheid,mauritius
vrijheid,sierra_leone
vrijheid,zuid-afrika
vrijheid,lesotho
vrijheid,kenia
vrijheid,namibië
vrijheid,ghana
vrijheid,afrika
vrijheid,comoren
vrijheid,mauritanië
vrijheid,guinee-bissau
vrijheid,marokko
vrijheid,burundi
vrijheid,réunion
vrijheid,angola
vrijheid,senegal
vrijheid,burkina faso
vrijheid,mayotte
vrijheid,togo
vrijheid,zambia
vrijheid,libië
vrijheid,ceuta
vrijheid,mozambique
vrijheid,tunesië
vrijheid,zimbabwe
vrijheid,botswana
vrijheid,kameroen
vrijheid,madagaskar
vrijheid,algerije
vrijheid,gambia
vrijheid,mali
vrijheid,melilla
vrijheid,niger
vrijheid,oeganda
vrijheid,benin
vrijheid,seychellen
vrijheid,kaapverdië
vrijheid,tanzania
vrijheid,tsjaad
