familie,teun
familie,sander
familie,bob
familie,joost
familie,maarten
familie,matthijs
familie,bas
familie,roel
familie,joris
familie,jeroen
familie,daan
familie,lucas
familie,thijs
familie,remco
familie,wouter
familie,thomas
familie,michiel
familie,bram
regenboog,teun
regenboog,sander
regenboog,bob
regenboog,joost
regenboog,maarten
regenboog,matthijs
regenboog,bas
regenboog,roel
regenboog,joris
regenboog,jeroen
regenboog,daan
regenboog,lucas
regenboog,thijs
regenboog,remco
regenboog,wouter
regenboog,thomas
regenboog,michiel
regenboog,bram
zachtaardig,teun
zachtaardig,sander
zachtaardig,bob
zachtaardig,joost
zachtaardig,maarten
zachtaardig,matthijs
zachtaardig,bas
zachtaardig,roel
zachtaardig,joris
zachtaardig,jeroen
zachtaardig,daan
zachtaardig,lucas
zachtaardig,thijs
zachtaardig,remco
zachtaardig,wouter
zachtaardig,thomas
zachtaardig,michiel
zachtaardig,bram
plezier,teun
plezier,sander
plezier,bob
plezier,joost
plezier,maarten
plezier,matthijs
plezier,bas
plezier,roel
plezier,joris
plezier,jeroen
plezier,daan
plezier,lucas
plezier,thijs
plezier,remco
plezier,wouter
plezier,thomas
plezier,michiel
plezier,bram
eerlijk,teun
eerlijk,sander
eerlijk,bob
eerlijk,joost
eerlijk,maarten
eerlijk,matthijs
eerlijk,bas
eerlijk,roel
eerlijk,joris
eerlijk,jeroen
eerlijk,daan
eerlijk,lucas
eerlijk,thijs
eerlijk,remco
eerlijk,wouter
eerlijk,thomas
eerlijk,michiel
eerlijk,bram
eer,teun
eer,sander
eer,bob
eer,joost
eer,maarten
eer,matthijs
eer,bas
eer,roel
eer,joris
eer,jeroen
eer,daan
eer,lucas
eer,thijs
eer,remco
eer,wouter
eer,thomas
eer,michiel
eer,bram
vrede,teun
vrede,sander
vrede,bob
vrede,joost
vrede,maarten
vrede,matthijs
vrede,bas
vrede,roel
vrede,joris
vrede,jeroen
vrede,daan
vrede,lucas
vrede,thijs
vrede,remco
vrede,wouter
vrede,thomas
vrede,michiel
vrede,bram
hemel,teun
hemel,sander
hemel,bob
hemel,joost
hemel,maarten
hemel,matthijs
hemel,bas
hemel,roel
hemel,joris
hemel,jeroen
hemel,daan
hemel,lucas
hemel,thijs
hemel,remco
hemel,wouter
hemel,thomas
hemel,michiel
hemel,bram
gejuich,teun
gejuich,sander
gejuich,bob
gejuich,joost
gejuich,maarten
gejuich,matthijs
gejuich,bas
gejuich,roel
gejuich,joris
gejuich,jeroen
gejuich,daan
gejuich,lucas
gejuich,thijs
gejuich,remco
gejuich,wouter
gejuich,thomas
gejuich,michiel
gejuich,bram
loyaal,teun
loyaal,sander
loyaal,bob
loyaal,joost
loyaal,maarten
loyaal,matthijs
loyaal,bas
loyaal,roel
loyaal,joris
loyaal,jeroen
loyaal,daan
loyaal,lucas
loyaal,thijs
loyaal,remco
loyaal,wouter
loyaal,thomas
loyaal,michiel
loyaal,bram
liefde,teun
liefde,sander
liefde,bob
liefde,joost
liefde,maarten
liefde,matthijs
liefde,bas
liefde,roel
liefde,joris
liefde,jeroen
liefde,daan
liefde,lucas
liefde,thijs
liefde,remco
liefde,wouter
liefde,thomas
liefde,michiel
liefde,bram
vriend,teun
vriend,sander
vriend,bob
vriend,joost
vriend,maarten
vriend,matthijs
vriend,bas
vriend,roel
vriend,joris
vriend,jeroen
vriend,daan
vriend,lucas
vriend,thijs
vriend,remco
vriend,wouter
vriend,thomas
vriend,michiel
vriend,bram
geschenk,teun
geschenk,sander
geschenk,bob
geschenk,joost
geschenk,maarten
geschenk,matthijs
geschenk,bas
geschenk,roel
geschenk,joris
geschenk,jeroen
geschenk,daan
geschenk,lucas
geschenk,thijs
geschenk,remco
geschenk,wouter
geschenk,thomas
geschenk,michiel
geschenk,bram
diamant,teun
diamant,sander
diamant,bob
diamant,joost
diamant,maarten
diamant,matthijs
diamant,bas
diamant,roel
diamant,joris
diamant,jeroen
diamant,daan
diamant,lucas
diamant,thijs
diamant,remco
diamant,wouter
diamant,thomas
diamant,michiel
diamant,bram
gelukkig,teun
gelukkig,sander
gelukkig,bob
gelukkig,joost
gelukkig,maarten
gelukkig,matthijs
gelukkig,bas
gelukkig,roel
gelukkig,joris
gelukkig,jeroen
gelukkig,daan
gelukkig,lucas
gelukkig,thijs
gelukkig,remco
gelukkig,wouter
gelukkig,thomas
gelukkig,michiel
gelukkig,bram
gezondheid,teun
gezondheid,sander
gezondheid,bob
gezondheid,joost
gezondheid,maarten
gezondheid,matthijs
gezondheid,bas
gezondheid,roel
gezondheid,joris
gezondheid,jeroen
gezondheid,daan
gezondheid,lucas
gezondheid,thijs
gezondheid,remco
gezondheid,wouter
gezondheid,thomas
gezondheid,michiel
gezondheid,bram
diploma,teun
diploma,sander
diploma,bob
diploma,joost
diploma,maarten
diploma,matthijs
diploma,bas
diploma,roel
diploma,joris
diploma,jeroen
diploma,daan
diploma,lucas
diploma,thijs
diploma,remco
diploma,wouter
diploma,thomas
diploma,michiel
diploma,bram
paradijs,teun
paradijs,sander
paradijs,bob
paradijs,joost
paradijs,maarten
paradijs,matthijs
paradijs,bas
paradijs,roel
paradijs,joris
paradijs,jeroen
paradijs,daan
paradijs,lucas
paradijs,thijs
paradijs,remco
paradijs,wouter
paradijs,thomas
paradijs,michiel
paradijs,bram
wonder,teun
wonder,sander
wonder,bob
wonder,joost
wonder,maarten
wonder,matthijs
wonder,bas
wonder,roel
wonder,joris
wonder,jeroen
wonder,daan
wonder,lucas
wonder,thijs
wonder,remco
wonder,wouter
wonder,thomas
wonder,michiel
wonder,bram
zonsopgang,teun
zonsopgang,sander
zonsopgang,bob
zonsopgang,joost
zonsopgang,maarten
zonsopgang,matthijs
zonsopgang,bas
zonsopgang,roel
zonsopgang,joris
zonsopgang,jeroen
zonsopgang,daan
zonsopgang,lucas
zonsopgang,thijs
zonsopgang,remco
zonsopgang,wouter
zonsopgang,thomas
zonsopgang,michiel
zonsopgang,bram
gelach,teun
gelach,sander
gelach,bob
gelach,joost
gelach,maarten
gelach,matthijs
gelach,bas
gelach,roel
gelach,joris
gelach,jeroen
gelach,daan
gelach,lucas
gelach,thijs
gelach,remco
gelach,wouter
gelach,thomas
gelach,michiel
gelach,bram
vakantie,teun
vakantie,sander
vakantie,bob
vakantie,joost
vakantie,maarten
vakantie,matthijs
vakantie,bas
vakantie,roel
vakantie,joris
vakantie,jeroen
vakantie,daan
vakantie,lucas
vakantie,thijs
vakantie,remco
vakantie,wouter
vakantie,thomas
vakantie,michiel
vakantie,bram
vrijheid,teun
vrijheid,sander
vrijheid,bob
vrijheid,joost
vrijheid,maarten
vrijheid,matthijs
vrijheid,bas
vrijheid,roel
vrijheid,joris
vrijheid,jeroen
vrijheid,daan
vrijheid,lucas
vrijheid,thijs
vrijheid,remco
vrijheid,wouter
vrijheid,thomas
vrijheid,michiel
vrijheid,bram
