ontucht,moldavië
ontucht,finland
ontucht,azerbeidzjan
ontucht,san marino
ontucht,italië
ontucht,andorra
ontucht,bosnië en herzegovina
ontucht,servië
ontucht,faeröer
ontucht,griekenland
ontucht,malta
ontucht,verenigd koninkrijk
ontucht,albanië
ontucht,jersey
ontucht,luxemburg
ontucht,bulgarije
ontucht,ijsland
ontucht,hongarije
ontucht,tsjechië
ontucht,rusland[4]
ontucht,litouwen
ontucht,liechtenstein
ontucht,montenegro
ontucht,belgië
ontucht,wit-rusland
ontucht,azoren
ontucht,noorwegen
ontucht,turkije
ontucht,kroatië
ontucht,guernsey
ontucht,slovenië
ontucht,georgië
ontucht,spitsbergen
ontucht,zwitserland
ontucht,duitsland
ontucht,monaco
ontucht,gibraltar
ontucht,nederland
ontucht,vaticaanstad
ontucht,estland
ontucht,kosovo
ontucht,portugal
ontucht,slowakije
ontucht,frankrijk
ontucht,oekraïne
ontucht,oostenrijk
ontucht,noord-macedonië
ontucht,åland
ontucht,polen
ontucht,kazachstan
ontucht,man
ontucht,spanje
ontucht,letland
ontucht,zweden
ontucht,denemarken
ontucht,roemenië
ontucht,ierland
verkrachten,moldavië
verkrachten,finland
verkrachten,azerbeidzjan
verkrachten,san marino
verkrachten,italië
verkrachten,andorra
verkrachten,bosnië en herzegovina
verkrachten,servië
verkrachten,faeröer
verkrachten,griekenland
verkrachten,malta
verkrachten,verenigd koninkrijk
verkrachten,albanië
verkrachten,jersey
verkrachten,luxemburg
verkrachten,bulgarije
verkrachten,ijsland
verkrachten,hongarije
verkrachten,tsjechië
verkrachten,rusland[4]
verkrachten,litouwen
verkrachten,liechtenstein
verkrachten,montenegro
verkrachten,belgië
verkrachten,wit-rusland
verkrachten,azoren
verkrachten,noorwegen
verkrachten,turkije
verkrachten,kroatië
verkrachten,guernsey
verkrachten,slovenië
verkrachten,georgië
verkrachten,spitsbergen
verkrachten,zwitserland
verkrachten,duitsland
verkrachten,monaco
verkrachten,gibraltar
verkrachten,nederland
verkrachten,vaticaanstad
verkrachten,estland
verkrachten,kosovo
verkrachten,portugal
verkrachten,slowakije
verkrachten,frankrijk
verkrachten,oekraïne
verkrachten,oostenrijk
verkrachten,noord-macedonië
verkrachten,åland
verkrachten,polen
verkrachten,kazachstan
verkrachten,man
verkrachten,spanje
verkrachten,letland
verkrachten,zweden
verkrachten,denemarken
verkrachten,roemenië
verkrachten,ierland
verkrachtingszaak,moldavië
verkrachtingszaak,finland
verkrachtingszaak,azerbeidzjan
verkrachtingszaak,san marino
verkrachtingszaak,italië
verkrachtingszaak,andorra
verkrachtingszaak,bosnië en herzegovina
verkrachtingszaak,servië
verkrachtingszaak,faeröer
verkrachtingszaak,griekenland
verkrachtingszaak,malta
verkrachtingszaak,verenigd koninkrijk
verkrachtingszaak,albanië
verkrachtingszaak,jersey
verkrachtingszaak,luxemburg
verkrachtingszaak,bulgarije
verkrachtingszaak,ijsland
verkrachtingszaak,hongarije
verkrachtingszaak,tsjechië
verkrachtingszaak,rusland[4]
verkrachtingszaak,litouwen
verkrachtingszaak,liechtenstein
verkrachtingszaak,montenegro
verkrachtingszaak,belgië
verkrachtingszaak,wit-rusland
verkrachtingszaak,azoren
verkrachtingszaak,noorwegen
verkrachtingszaak,turkije
verkrachtingszaak,kroatië
verkrachtingszaak,guernsey
verkrachtingszaak,slovenië
verkrachtingszaak,georgië
verkrachtingszaak,spitsbergen
verkrachtingszaak,zwitserland
verkrachtingszaak,duitsland
verkrachtingszaak,monaco
verkrachtingszaak,gibraltar
verkrachtingszaak,nederland
verkrachtingszaak,vaticaanstad
verkrachtingszaak,estland
verkrachtingszaak,kosovo
verkrachtingszaak,portugal
verkrachtingszaak,slowakije
verkrachtingszaak,frankrijk
verkrachtingszaak,oekraïne
verkrachtingszaak,oostenrijk
verkrachtingszaak,noord-macedonië
verkrachtingszaak,åland
verkrachtingszaak,polen
verkrachtingszaak,kazachstan
verkrachtingszaak,man
verkrachtingszaak,spanje
verkrachtingszaak,letland
verkrachtingszaak,zweden
verkrachtingszaak,denemarken
verkrachtingszaak,roemenië
verkrachtingszaak,ierland
verkrachte,moldavië
verkrachte,finland
verkrachte,azerbeidzjan
verkrachte,san marino
verkrachte,italië
verkrachte,andorra
verkrachte,bosnië en herzegovina
verkrachte,servië
verkrachte,faeröer
verkrachte,griekenland
verkrachte,malta
verkrachte,verenigd koninkrijk
verkrachte,albanië
verkrachte,jersey
verkrachte,luxemburg
verkrachte,bulgarije
verkrachte,ijsland
verkrachte,hongarije
verkrachte,tsjechië
verkrachte,rusland[4]
verkrachte,litouwen
verkrachte,liechtenstein
verkrachte,montenegro
verkrachte,belgië
verkrachte,wit-rusland
verkrachte,azoren
verkrachte,noorwegen
verkrachte,turkije
verkrachte,kroatië
verkrachte,guernsey
verkrachte,slovenië
verkrachte,georgië
verkrachte,spitsbergen
verkrachte,zwitserland
verkrachte,duitsland
verkrachte,monaco
verkrachte,gibraltar
verkrachte,nederland
verkrachte,vaticaanstad
verkrachte,estland
verkrachte,kosovo
verkrachte,portugal
verkrachte,slowakije
verkrachte,frankrijk
verkrachte,oekraïne
verkrachte,oostenrijk
verkrachte,noord-macedonië
verkrachte,åland
verkrachte,polen
verkrachte,kazachstan
verkrachte,man
verkrachte,spanje
verkrachte,letland
verkrachte,zweden
verkrachte,denemarken
verkrachte,roemenië
verkrachte,ierland
vrouwenhandel,moldavië
vrouwenhandel,finland
vrouwenhandel,azerbeidzjan
vrouwenhandel,san marino
vrouwenhandel,italië
vrouwenhandel,andorra
vrouwenhandel,bosnië en herzegovina
vrouwenhandel,servië
vrouwenhandel,faeröer
vrouwenhandel,griekenland
vrouwenhandel,malta
vrouwenhandel,verenigd koninkrijk
vrouwenhandel,albanië
vrouwenhandel,jersey
vrouwenhandel,luxemburg
vrouwenhandel,bulgarije
vrouwenhandel,ijsland
vrouwenhandel,hongarije
vrouwenhandel,tsjechië
vrouwenhandel,rusland[4]
vrouwenhandel,litouwen
vrouwenhandel,liechtenstein
vrouwenhandel,montenegro
vrouwenhandel,belgië
vrouwenhandel,wit-rusland
vrouwenhandel,azoren
vrouwenhandel,noorwegen
vrouwenhandel,turkije
vrouwenhandel,kroatië
vrouwenhandel,guernsey
vrouwenhandel,slovenië
vrouwenhandel,georgië
vrouwenhandel,spitsbergen
vrouwenhandel,zwitserland
vrouwenhandel,duitsland
vrouwenhandel,monaco
vrouwenhandel,gibraltar
vrouwenhandel,nederland
vrouwenhandel,vaticaanstad
vrouwenhandel,estland
vrouwenhandel,kosovo
vrouwenhandel,portugal
vrouwenhandel,slowakije
vrouwenhandel,frankrijk
vrouwenhandel,oekraïne
vrouwenhandel,oostenrijk
vrouwenhandel,noord-macedonië
vrouwenhandel,åland
vrouwenhandel,polen
vrouwenhandel,kazachstan
vrouwenhandel,man
vrouwenhandel,spanje
vrouwenhandel,letland
vrouwenhandel,zweden
vrouwenhandel,denemarken
vrouwenhandel,roemenië
vrouwenhandel,ierland
zedendelict,moldavië
zedendelict,finland
zedendelict,azerbeidzjan
zedendelict,san marino
zedendelict,italië
zedendelict,andorra
zedendelict,bosnië en herzegovina
zedendelict,servië
zedendelict,faeröer
zedendelict,griekenland
zedendelict,malta
zedendelict,verenigd koninkrijk
zedendelict,albanië
zedendelict,jersey
zedendelict,luxemburg
zedendelict,bulgarije
zedendelict,ijsland
zedendelict,hongarije
zedendelict,tsjechië
zedendelict,rusland[4]
zedendelict,litouwen
zedendelict,liechtenstein
zedendelict,montenegro
zedendelict,belgië
zedendelict,wit-rusland
zedendelict,azoren
zedendelict,noorwegen
zedendelict,turkije
zedendelict,kroatië
zedendelict,guernsey
zedendelict,slovenië
zedendelict,georgië
zedendelict,spitsbergen
zedendelict,zwitserland
zedendelict,duitsland
zedendelict,monaco
zedendelict,gibraltar
zedendelict,nederland
zedendelict,vaticaanstad
zedendelict,estland
zedendelict,kosovo
zedendelict,portugal
zedendelict,slowakije
zedendelict,frankrijk
zedendelict,oekraïne
zedendelict,oostenrijk
zedendelict,noord-macedonië
zedendelict,åland
zedendelict,polen
zedendelict,kazachstan
zedendelict,man
zedendelict,spanje
zedendelict,letland
zedendelict,zweden
zedendelict,denemarken
zedendelict,roemenië
zedendelict,ierland
seksueel_geweld,moldavië
seksueel_geweld,finland
seksueel_geweld,azerbeidzjan
seksueel_geweld,san marino
seksueel_geweld,italië
seksueel_geweld,andorra
seksueel_geweld,bosnië en herzegovina
seksueel_geweld,servië
seksueel_geweld,faeröer
seksueel_geweld,griekenland
seksueel_geweld,malta
seksueel_geweld,verenigd koninkrijk
seksueel_geweld,albanië
seksueel_geweld,jersey
seksueel_geweld,luxemburg
seksueel_geweld,bulgarije
seksueel_geweld,ijsland
seksueel_geweld,hongarije
seksueel_geweld,tsjechië
seksueel_geweld,rusland[4]
seksueel_geweld,litouwen
seksueel_geweld,liechtenstein
seksueel_geweld,montenegro
seksueel_geweld,belgië
seksueel_geweld,wit-rusland
seksueel_geweld,azoren
seksueel_geweld,noorwegen
seksueel_geweld,turkije
seksueel_geweld,kroatië
seksueel_geweld,guernsey
seksueel_geweld,slovenië
seksueel_geweld,georgië
seksueel_geweld,spitsbergen
seksueel_geweld,zwitserland
seksueel_geweld,duitsland
seksueel_geweld,monaco
seksueel_geweld,gibraltar
seksueel_geweld,nederland
seksueel_geweld,vaticaanstad
seksueel_geweld,estland
seksueel_geweld,kosovo
seksueel_geweld,portugal
seksueel_geweld,slowakije
seksueel_geweld,frankrijk
seksueel_geweld,oekraïne
seksueel_geweld,oostenrijk
seksueel_geweld,noord-macedonië
seksueel_geweld,åland
seksueel_geweld,polen
seksueel_geweld,kazachstan
seksueel_geweld,man
seksueel_geweld,spanje
seksueel_geweld,letland
seksueel_geweld,zweden
seksueel_geweld,denemarken
seksueel_geweld,roemenië
seksueel_geweld,ierland
verkracht,moldavië
verkracht,finland
verkracht,azerbeidzjan
verkracht,san marino
verkracht,italië
verkracht,andorra
verkracht,bosnië en herzegovina
verkracht,servië
verkracht,faeröer
verkracht,griekenland
verkracht,malta
verkracht,verenigd koninkrijk
verkracht,albanië
verkracht,jersey
verkracht,luxemburg
verkracht,bulgarije
verkracht,ijsland
verkracht,hongarije
verkracht,tsjechië
verkracht,rusland[4]
verkracht,litouwen
verkracht,liechtenstein
verkracht,montenegro
verkracht,belgië
verkracht,wit-rusland
verkracht,azoren
verkracht,noorwegen
verkracht,turkije
verkracht,kroatië
verkracht,guernsey
verkracht,slovenië
verkracht,georgië
verkracht,spitsbergen
verkracht,zwitserland
verkracht,duitsland
verkracht,monaco
verkracht,gibraltar
verkracht,nederland
verkracht,vaticaanstad
verkracht,estland
verkracht,kosovo
verkracht,portugal
verkracht,slowakije
verkracht,frankrijk
verkracht,oekraïne
verkracht,oostenrijk
verkracht,noord-macedonië
verkracht,åland
verkracht,polen
verkracht,kazachstan
verkracht,man
verkracht,spanje
verkracht,letland
verkracht,zweden
verkracht,denemarken
verkracht,roemenië
verkracht,ierland
incest,moldavië
incest,finland
incest,azerbeidzjan
incest,san marino
incest,italië
incest,andorra
incest,bosnië en herzegovina
incest,servië
incest,faeröer
incest,griekenland
incest,malta
incest,verenigd koninkrijk
incest,albanië
incest,jersey
incest,luxemburg
incest,bulgarije
incest,ijsland
incest,hongarije
incest,tsjechië
incest,rusland[4]
incest,litouwen
incest,liechtenstein
incest,montenegro
incest,belgië
incest,wit-rusland
incest,azoren
incest,noorwegen
incest,turkije
incest,kroatië
incest,guernsey
incest,slovenië
incest,georgië
incest,spitsbergen
incest,zwitserland
incest,duitsland
incest,monaco
incest,gibraltar
incest,nederland
incest,vaticaanstad
incest,estland
incest,kosovo
incest,portugal
incest,slowakije
incest,frankrijk
incest,oekraïne
incest,oostenrijk
incest,noord-macedonië
incest,åland
incest,polen
incest,kazachstan
incest,man
incest,spanje
incest,letland
incest,zweden
incest,denemarken
incest,roemenië
incest,ierland
pedofilie,moldavië
pedofilie,finland
pedofilie,azerbeidzjan
pedofilie,san marino
pedofilie,italië
pedofilie,andorra
pedofilie,bosnië en herzegovina
pedofilie,servië
pedofilie,faeröer
pedofilie,griekenland
pedofilie,malta
pedofilie,verenigd koninkrijk
pedofilie,albanië
pedofilie,jersey
pedofilie,luxemburg
pedofilie,bulgarije
pedofilie,ijsland
pedofilie,hongarije
pedofilie,tsjechië
pedofilie,rusland[4]
pedofilie,litouwen
pedofilie,liechtenstein
pedofilie,montenegro
pedofilie,belgië
pedofilie,wit-rusland
pedofilie,azoren
pedofilie,noorwegen
pedofilie,turkije
pedofilie,kroatië
pedofilie,guernsey
pedofilie,slovenië
pedofilie,georgië
pedofilie,spitsbergen
pedofilie,zwitserland
pedofilie,duitsland
pedofilie,monaco
pedofilie,gibraltar
pedofilie,nederland
pedofilie,vaticaanstad
pedofilie,estland
pedofilie,kosovo
pedofilie,portugal
pedofilie,slowakije
pedofilie,frankrijk
pedofilie,oekraïne
pedofilie,oostenrijk
pedofilie,noord-macedonië
pedofilie,åland
pedofilie,polen
pedofilie,kazachstan
pedofilie,man
pedofilie,spanje
pedofilie,letland
pedofilie,zweden
pedofilie,denemarken
pedofilie,roemenië
pedofilie,ierland
gedwongen_prostitutie,moldavië
gedwongen_prostitutie,finland
gedwongen_prostitutie,azerbeidzjan
gedwongen_prostitutie,san marino
gedwongen_prostitutie,italië
gedwongen_prostitutie,andorra
gedwongen_prostitutie,bosnië en herzegovina
gedwongen_prostitutie,servië
gedwongen_prostitutie,faeröer
gedwongen_prostitutie,griekenland
gedwongen_prostitutie,malta
gedwongen_prostitutie,verenigd koninkrijk
gedwongen_prostitutie,albanië
gedwongen_prostitutie,jersey
gedwongen_prostitutie,luxemburg
gedwongen_prostitutie,bulgarije
gedwongen_prostitutie,ijsland
gedwongen_prostitutie,hongarije
gedwongen_prostitutie,tsjechië
gedwongen_prostitutie,rusland[4]
gedwongen_prostitutie,litouwen
gedwongen_prostitutie,liechtenstein
gedwongen_prostitutie,montenegro
gedwongen_prostitutie,belgië
gedwongen_prostitutie,wit-rusland
gedwongen_prostitutie,azoren
gedwongen_prostitutie,noorwegen
gedwongen_prostitutie,turkije
gedwongen_prostitutie,kroatië
gedwongen_prostitutie,guernsey
gedwongen_prostitutie,slovenië
gedwongen_prostitutie,georgië
gedwongen_prostitutie,spitsbergen
gedwongen_prostitutie,zwitserland
gedwongen_prostitutie,duitsland
gedwongen_prostitutie,monaco
gedwongen_prostitutie,gibraltar
gedwongen_prostitutie,nederland
gedwongen_prostitutie,vaticaanstad
gedwongen_prostitutie,estland
gedwongen_prostitutie,kosovo
gedwongen_prostitutie,portugal
gedwongen_prostitutie,slowakije
gedwongen_prostitutie,frankrijk
gedwongen_prostitutie,oekraïne
gedwongen_prostitutie,oostenrijk
gedwongen_prostitutie,noord-macedonië
gedwongen_prostitutie,åland
gedwongen_prostitutie,polen
gedwongen_prostitutie,kazachstan
gedwongen_prostitutie,man
gedwongen_prostitutie,spanje
gedwongen_prostitutie,letland
gedwongen_prostitutie,zweden
gedwongen_prostitutie,denemarken
gedwongen_prostitutie,roemenië
gedwongen_prostitutie,ierland
zedenmisdrijven,moldavië
zedenmisdrijven,finland
zedenmisdrijven,azerbeidzjan
zedenmisdrijven,san marino
zedenmisdrijven,italië
zedenmisdrijven,andorra
zedenmisdrijven,bosnië en herzegovina
zedenmisdrijven,servië
zedenmisdrijven,faeröer
zedenmisdrijven,griekenland
zedenmisdrijven,malta
zedenmisdrijven,verenigd koninkrijk
zedenmisdrijven,albanië
zedenmisdrijven,jersey
zedenmisdrijven,luxemburg
zedenmisdrijven,bulgarije
zedenmisdrijven,ijsland
zedenmisdrijven,hongarije
zedenmisdrijven,tsjechië
zedenmisdrijven,rusland[4]
zedenmisdrijven,litouwen
zedenmisdrijven,liechtenstein
zedenmisdrijven,montenegro
zedenmisdrijven,belgië
zedenmisdrijven,wit-rusland
zedenmisdrijven,azoren
zedenmisdrijven,noorwegen
zedenmisdrijven,turkije
zedenmisdrijven,kroatië
zedenmisdrijven,guernsey
zedenmisdrijven,slovenië
zedenmisdrijven,georgië
zedenmisdrijven,spitsbergen
zedenmisdrijven,zwitserland
zedenmisdrijven,duitsland
zedenmisdrijven,monaco
zedenmisdrijven,gibraltar
zedenmisdrijven,nederland
zedenmisdrijven,vaticaanstad
zedenmisdrijven,estland
zedenmisdrijven,kosovo
zedenmisdrijven,portugal
zedenmisdrijven,slowakije
zedenmisdrijven,frankrijk
zedenmisdrijven,oekraïne
zedenmisdrijven,oostenrijk
zedenmisdrijven,noord-macedonië
zedenmisdrijven,åland
zedenmisdrijven,polen
zedenmisdrijven,kazachstan
zedenmisdrijven,man
zedenmisdrijven,spanje
zedenmisdrijven,letland
zedenmisdrijven,zweden
zedenmisdrijven,denemarken
zedenmisdrijven,roemenië
zedenmisdrijven,ierland
aanranding,moldavië
aanranding,finland
aanranding,azerbeidzjan
aanranding,san marino
aanranding,italië
aanranding,andorra
aanranding,bosnië en herzegovina
aanranding,servië
aanranding,faeröer
aanranding,griekenland
aanranding,malta
aanranding,verenigd koninkrijk
aanranding,albanië
aanranding,jersey
aanranding,luxemburg
aanranding,bulgarije
aanranding,ijsland
aanranding,hongarije
aanranding,tsjechië
aanranding,rusland[4]
aanranding,litouwen
aanranding,liechtenstein
aanranding,montenegro
aanranding,belgië
aanranding,wit-rusland
aanranding,azoren
aanranding,noorwegen
aanranding,turkije
aanranding,kroatië
aanranding,guernsey
aanranding,slovenië
aanranding,georgië
aanranding,spitsbergen
aanranding,zwitserland
aanranding,duitsland
aanranding,monaco
aanranding,gibraltar
aanranding,nederland
aanranding,vaticaanstad
aanranding,estland
aanranding,kosovo
aanranding,portugal
aanranding,slowakije
aanranding,frankrijk
aanranding,oekraïne
aanranding,oostenrijk
aanranding,noord-macedonië
aanranding,åland
aanranding,polen
aanranding,kazachstan
aanranding,man
aanranding,spanje
aanranding,letland
aanranding,zweden
aanranding,denemarken
aanranding,roemenië
aanranding,ierland
aanrandingen,moldavië
aanrandingen,finland
aanrandingen,azerbeidzjan
aanrandingen,san marino
aanrandingen,italië
aanrandingen,andorra
aanrandingen,bosnië en herzegovina
aanrandingen,servië
aanrandingen,faeröer
aanrandingen,griekenland
aanrandingen,malta
aanrandingen,verenigd koninkrijk
aanrandingen,albanië
aanrandingen,jersey
aanrandingen,luxemburg
aanrandingen,bulgarije
aanrandingen,ijsland
aanrandingen,hongarije
aanrandingen,tsjechië
aanrandingen,rusland[4]
aanrandingen,litouwen
aanrandingen,liechtenstein
aanrandingen,montenegro
aanrandingen,belgië
aanrandingen,wit-rusland
aanrandingen,azoren
aanrandingen,noorwegen
aanrandingen,turkije
aanrandingen,kroatië
aanrandingen,guernsey
aanrandingen,slovenië
aanrandingen,georgië
aanrandingen,spitsbergen
aanrandingen,zwitserland
aanrandingen,duitsland
aanrandingen,monaco
aanrandingen,gibraltar
aanrandingen,nederland
aanrandingen,vaticaanstad
aanrandingen,estland
aanrandingen,kosovo
aanrandingen,portugal
aanrandingen,slowakije
aanrandingen,frankrijk
aanrandingen,oekraïne
aanrandingen,oostenrijk
aanrandingen,noord-macedonië
aanrandingen,åland
aanrandingen,polen
aanrandingen,kazachstan
aanrandingen,man
aanrandingen,spanje
aanrandingen,letland
aanrandingen,zweden
aanrandingen,denemarken
aanrandingen,roemenië
aanrandingen,ierland
zedenmisdrijf,moldavië
zedenmisdrijf,finland
zedenmisdrijf,azerbeidzjan
zedenmisdrijf,san marino
zedenmisdrijf,italië
zedenmisdrijf,andorra
zedenmisdrijf,bosnië en herzegovina
zedenmisdrijf,servië
zedenmisdrijf,faeröer
zedenmisdrijf,griekenland
zedenmisdrijf,malta
zedenmisdrijf,verenigd koninkrijk
zedenmisdrijf,albanië
zedenmisdrijf,jersey
zedenmisdrijf,luxemburg
zedenmisdrijf,bulgarije
zedenmisdrijf,ijsland
zedenmisdrijf,hongarije
zedenmisdrijf,tsjechië
zedenmisdrijf,rusland[4]
zedenmisdrijf,litouwen
zedenmisdrijf,liechtenstein
zedenmisdrijf,montenegro
zedenmisdrijf,belgië
zedenmisdrijf,wit-rusland
zedenmisdrijf,azoren
zedenmisdrijf,noorwegen
zedenmisdrijf,turkije
zedenmisdrijf,kroatië
zedenmisdrijf,guernsey
zedenmisdrijf,slovenië
zedenmisdrijf,georgië
zedenmisdrijf,spitsbergen
zedenmisdrijf,zwitserland
zedenmisdrijf,duitsland
zedenmisdrijf,monaco
zedenmisdrijf,gibraltar
zedenmisdrijf,nederland
zedenmisdrijf,vaticaanstad
zedenmisdrijf,estland
zedenmisdrijf,kosovo
zedenmisdrijf,portugal
zedenmisdrijf,slowakije
zedenmisdrijf,frankrijk
zedenmisdrijf,oekraïne
zedenmisdrijf,oostenrijk
zedenmisdrijf,noord-macedonië
zedenmisdrijf,åland
zedenmisdrijf,polen
zedenmisdrijf,kazachstan
zedenmisdrijf,man
zedenmisdrijf,spanje
zedenmisdrijf,letland
zedenmisdrijf,zweden
zedenmisdrijf,denemarken
zedenmisdrijf,roemenië
zedenmisdrijf,ierland
verkrachtingen,moldavië
verkrachtingen,finland
verkrachtingen,azerbeidzjan
verkrachtingen,san marino
verkrachtingen,italië
verkrachtingen,andorra
verkrachtingen,bosnië en herzegovina
verkrachtingen,servië
verkrachtingen,faeröer
verkrachtingen,griekenland
verkrachtingen,malta
verkrachtingen,verenigd koninkrijk
verkrachtingen,albanië
verkrachtingen,jersey
verkrachtingen,luxemburg
verkrachtingen,bulgarije
verkrachtingen,ijsland
verkrachtingen,hongarije
verkrachtingen,tsjechië
verkrachtingen,rusland[4]
verkrachtingen,litouwen
verkrachtingen,liechtenstein
verkrachtingen,montenegro
verkrachtingen,belgië
verkrachtingen,wit-rusland
verkrachtingen,azoren
verkrachtingen,noorwegen
verkrachtingen,turkije
verkrachtingen,kroatië
verkrachtingen,guernsey
verkrachtingen,slovenië
verkrachtingen,georgië
verkrachtingen,spitsbergen
verkrachtingen,zwitserland
verkrachtingen,duitsland
verkrachtingen,monaco
verkrachtingen,gibraltar
verkrachtingen,nederland
verkrachtingen,vaticaanstad
verkrachtingen,estland
verkrachtingen,kosovo
verkrachtingen,portugal
verkrachtingen,slowakije
verkrachtingen,frankrijk
verkrachtingen,oekraïne
verkrachtingen,oostenrijk
verkrachtingen,noord-macedonië
verkrachtingen,åland
verkrachtingen,polen
verkrachtingen,kazachstan
verkrachtingen,man
verkrachtingen,spanje
verkrachtingen,letland
verkrachtingen,zweden
verkrachtingen,denemarken
verkrachtingen,roemenië
verkrachtingen,ierland
seksuele_intimidatie,moldavië
seksuele_intimidatie,finland
seksuele_intimidatie,azerbeidzjan
seksuele_intimidatie,san marino
seksuele_intimidatie,italië
seksuele_intimidatie,andorra
seksuele_intimidatie,bosnië en herzegovina
seksuele_intimidatie,servië
seksuele_intimidatie,faeröer
seksuele_intimidatie,griekenland
seksuele_intimidatie,malta
seksuele_intimidatie,verenigd koninkrijk
seksuele_intimidatie,albanië
seksuele_intimidatie,jersey
seksuele_intimidatie,luxemburg
seksuele_intimidatie,bulgarije
seksuele_intimidatie,ijsland
seksuele_intimidatie,hongarije
seksuele_intimidatie,tsjechië
seksuele_intimidatie,rusland[4]
seksuele_intimidatie,litouwen
seksuele_intimidatie,liechtenstein
seksuele_intimidatie,montenegro
seksuele_intimidatie,belgië
seksuele_intimidatie,wit-rusland
seksuele_intimidatie,azoren
seksuele_intimidatie,noorwegen
seksuele_intimidatie,turkije
seksuele_intimidatie,kroatië
seksuele_intimidatie,guernsey
seksuele_intimidatie,slovenië
seksuele_intimidatie,georgië
seksuele_intimidatie,spitsbergen
seksuele_intimidatie,zwitserland
seksuele_intimidatie,duitsland
seksuele_intimidatie,monaco
seksuele_intimidatie,gibraltar
seksuele_intimidatie,nederland
seksuele_intimidatie,vaticaanstad
seksuele_intimidatie,estland
seksuele_intimidatie,kosovo
seksuele_intimidatie,portugal
seksuele_intimidatie,slowakije
seksuele_intimidatie,frankrijk
seksuele_intimidatie,oekraïne
seksuele_intimidatie,oostenrijk
seksuele_intimidatie,noord-macedonië
seksuele_intimidatie,åland
seksuele_intimidatie,polen
seksuele_intimidatie,kazachstan
seksuele_intimidatie,man
seksuele_intimidatie,spanje
seksuele_intimidatie,letland
seksuele_intimidatie,zweden
seksuele_intimidatie,denemarken
seksuele_intimidatie,roemenië
seksuele_intimidatie,ierland
groepsverkrachting,moldavië
groepsverkrachting,finland
groepsverkrachting,azerbeidzjan
groepsverkrachting,san marino
groepsverkrachting,italië
groepsverkrachting,andorra
groepsverkrachting,bosnië en herzegovina
groepsverkrachting,servië
groepsverkrachting,faeröer
groepsverkrachting,griekenland
groepsverkrachting,malta
groepsverkrachting,verenigd koninkrijk
groepsverkrachting,albanië
groepsverkrachting,jersey
groepsverkrachting,luxemburg
groepsverkrachting,bulgarije
groepsverkrachting,ijsland
groepsverkrachting,hongarije
groepsverkrachting,tsjechië
groepsverkrachting,rusland[4]
groepsverkrachting,litouwen
groepsverkrachting,liechtenstein
groepsverkrachting,montenegro
groepsverkrachting,belgië
groepsverkrachting,wit-rusland
groepsverkrachting,azoren
groepsverkrachting,noorwegen
groepsverkrachting,turkije
groepsverkrachting,kroatië
groepsverkrachting,guernsey
groepsverkrachting,slovenië
groepsverkrachting,georgië
groepsverkrachting,spitsbergen
groepsverkrachting,zwitserland
groepsverkrachting,duitsland
groepsverkrachting,monaco
groepsverkrachting,gibraltar
groepsverkrachting,nederland
groepsverkrachting,vaticaanstad
groepsverkrachting,estland
groepsverkrachting,kosovo
groepsverkrachting,portugal
groepsverkrachting,slowakije
groepsverkrachting,frankrijk
groepsverkrachting,oekraïne
groepsverkrachting,oostenrijk
groepsverkrachting,noord-macedonië
groepsverkrachting,åland
groepsverkrachting,polen
groepsverkrachting,kazachstan
groepsverkrachting,man
groepsverkrachting,spanje
groepsverkrachting,letland
groepsverkrachting,zweden
groepsverkrachting,denemarken
groepsverkrachting,roemenië
groepsverkrachting,ierland
handtastelijkheden,moldavië
handtastelijkheden,finland
handtastelijkheden,azerbeidzjan
handtastelijkheden,san marino
handtastelijkheden,italië
handtastelijkheden,andorra
handtastelijkheden,bosnië en herzegovina
handtastelijkheden,servië
handtastelijkheden,faeröer
handtastelijkheden,griekenland
handtastelijkheden,malta
handtastelijkheden,verenigd koninkrijk
handtastelijkheden,albanië
handtastelijkheden,jersey
handtastelijkheden,luxemburg
handtastelijkheden,bulgarije
handtastelijkheden,ijsland
handtastelijkheden,hongarije
handtastelijkheden,tsjechië
handtastelijkheden,rusland[4]
handtastelijkheden,litouwen
handtastelijkheden,liechtenstein
handtastelijkheden,montenegro
handtastelijkheden,belgië
handtastelijkheden,wit-rusland
handtastelijkheden,azoren
handtastelijkheden,noorwegen
handtastelijkheden,turkije
handtastelijkheden,kroatië
handtastelijkheden,guernsey
handtastelijkheden,slovenië
handtastelijkheden,georgië
handtastelijkheden,spitsbergen
handtastelijkheden,zwitserland
handtastelijkheden,duitsland
handtastelijkheden,monaco
handtastelijkheden,gibraltar
handtastelijkheden,nederland
handtastelijkheden,vaticaanstad
handtastelijkheden,estland
handtastelijkheden,kosovo
handtastelijkheden,portugal
handtastelijkheden,slowakije
handtastelijkheden,frankrijk
handtastelijkheden,oekraïne
handtastelijkheden,oostenrijk
handtastelijkheden,noord-macedonië
handtastelijkheden,åland
handtastelijkheden,polen
handtastelijkheden,kazachstan
handtastelijkheden,man
handtastelijkheden,spanje
handtastelijkheden,letland
handtastelijkheden,zweden
handtastelijkheden,denemarken
handtastelijkheden,roemenië
handtastelijkheden,ierland
seksueel_misbruik,moldavië
seksueel_misbruik,finland
seksueel_misbruik,azerbeidzjan
seksueel_misbruik,san marino
seksueel_misbruik,italië
seksueel_misbruik,andorra
seksueel_misbruik,bosnië en herzegovina
seksueel_misbruik,servië
seksueel_misbruik,faeröer
seksueel_misbruik,griekenland
seksueel_misbruik,malta
seksueel_misbruik,verenigd koninkrijk
seksueel_misbruik,albanië
seksueel_misbruik,jersey
seksueel_misbruik,luxemburg
seksueel_misbruik,bulgarije
seksueel_misbruik,ijsland
seksueel_misbruik,hongarije
seksueel_misbruik,tsjechië
seksueel_misbruik,rusland[4]
seksueel_misbruik,litouwen
seksueel_misbruik,liechtenstein
seksueel_misbruik,montenegro
seksueel_misbruik,belgië
seksueel_misbruik,wit-rusland
seksueel_misbruik,azoren
seksueel_misbruik,noorwegen
seksueel_misbruik,turkije
seksueel_misbruik,kroatië
seksueel_misbruik,guernsey
seksueel_misbruik,slovenië
seksueel_misbruik,georgië
seksueel_misbruik,spitsbergen
seksueel_misbruik,zwitserland
seksueel_misbruik,duitsland
seksueel_misbruik,monaco
seksueel_misbruik,gibraltar
seksueel_misbruik,nederland
seksueel_misbruik,vaticaanstad
seksueel_misbruik,estland
seksueel_misbruik,kosovo
seksueel_misbruik,portugal
seksueel_misbruik,slowakije
seksueel_misbruik,frankrijk
seksueel_misbruik,oekraïne
seksueel_misbruik,oostenrijk
seksueel_misbruik,noord-macedonië
seksueel_misbruik,åland
seksueel_misbruik,polen
seksueel_misbruik,kazachstan
seksueel_misbruik,man
seksueel_misbruik,spanje
seksueel_misbruik,letland
seksueel_misbruik,zweden
seksueel_misbruik,denemarken
seksueel_misbruik,roemenië
seksueel_misbruik,ierland
groepsverkrachtingen,moldavië
groepsverkrachtingen,finland
groepsverkrachtingen,azerbeidzjan
groepsverkrachtingen,san marino
groepsverkrachtingen,italië
groepsverkrachtingen,andorra
groepsverkrachtingen,bosnië en herzegovina
groepsverkrachtingen,servië
groepsverkrachtingen,faeröer
groepsverkrachtingen,griekenland
groepsverkrachtingen,malta
groepsverkrachtingen,verenigd koninkrijk
groepsverkrachtingen,albanië
groepsverkrachtingen,jersey
groepsverkrachtingen,luxemburg
groepsverkrachtingen,bulgarije
groepsverkrachtingen,ijsland
groepsverkrachtingen,hongarije
groepsverkrachtingen,tsjechië
groepsverkrachtingen,rusland[4]
groepsverkrachtingen,litouwen
groepsverkrachtingen,liechtenstein
groepsverkrachtingen,montenegro
groepsverkrachtingen,belgië
groepsverkrachtingen,wit-rusland
groepsverkrachtingen,azoren
groepsverkrachtingen,noorwegen
groepsverkrachtingen,turkije
groepsverkrachtingen,kroatië
groepsverkrachtingen,guernsey
groepsverkrachtingen,slovenië
groepsverkrachtingen,georgië
groepsverkrachtingen,spitsbergen
groepsverkrachtingen,zwitserland
groepsverkrachtingen,duitsland
groepsverkrachtingen,monaco
groepsverkrachtingen,gibraltar
groepsverkrachtingen,nederland
groepsverkrachtingen,vaticaanstad
groepsverkrachtingen,estland
groepsverkrachtingen,kosovo
groepsverkrachtingen,portugal
groepsverkrachtingen,slowakije
groepsverkrachtingen,frankrijk
groepsverkrachtingen,oekraïne
groepsverkrachtingen,oostenrijk
groepsverkrachtingen,noord-macedonië
groepsverkrachtingen,åland
groepsverkrachtingen,polen
groepsverkrachtingen,kazachstan
groepsverkrachtingen,man
groepsverkrachtingen,spanje
groepsverkrachtingen,letland
groepsverkrachtingen,zweden
groepsverkrachtingen,denemarken
groepsverkrachtingen,roemenië
groepsverkrachtingen,ierland
