familie,belgisch
familie,nederlanders
familie,nederlands
familie,duitser
familie,duits
familie,europeanen
familie,luxemburgers
familie,europees
familie,belg
familie,duitsers
familie,belgie
familie,nederlander
familie,duitsland
familie,nederland
familie,fransen
familie,frans
familie,frankrijk
familie,belgen
familie,luxemburger
familie,europa
familie,luxembourg
regenboog,belgisch
regenboog,nederlanders
regenboog,nederlands
regenboog,duitser
regenboog,duits
regenboog,europeanen
regenboog,luxemburgers
regenboog,europees
regenboog,belg
regenboog,duitsers
regenboog,belgie
regenboog,nederlander
regenboog,duitsland
regenboog,nederland
regenboog,fransen
regenboog,frans
regenboog,frankrijk
regenboog,belgen
regenboog,luxemburger
regenboog,europa
regenboog,luxembourg
zachtaardig,belgisch
zachtaardig,nederlanders
zachtaardig,nederlands
zachtaardig,duitser
zachtaardig,duits
zachtaardig,europeanen
zachtaardig,luxemburgers
zachtaardig,europees
zachtaardig,belg
zachtaardig,duitsers
zachtaardig,belgie
zachtaardig,nederlander
zachtaardig,duitsland
zachtaardig,nederland
zachtaardig,fransen
zachtaardig,frans
zachtaardig,frankrijk
zachtaardig,belgen
zachtaardig,luxemburger
zachtaardig,europa
zachtaardig,luxembourg
plezier,belgisch
plezier,nederlanders
plezier,nederlands
plezier,duitser
plezier,duits
plezier,europeanen
plezier,luxemburgers
plezier,europees
plezier,belg
plezier,duitsers
plezier,belgie
plezier,nederlander
plezier,duitsland
plezier,nederland
plezier,fransen
plezier,frans
plezier,frankrijk
plezier,belgen
plezier,luxemburger
plezier,europa
plezier,luxembourg
eerlijk,belgisch
eerlijk,nederlanders
eerlijk,nederlands
eerlijk,duitser
eerlijk,duits
eerlijk,europeanen
eerlijk,luxemburgers
eerlijk,europees
eerlijk,belg
eerlijk,duitsers
eerlijk,belgie
eerlijk,nederlander
eerlijk,duitsland
eerlijk,nederland
eerlijk,fransen
eerlijk,frans
eerlijk,frankrijk
eerlijk,belgen
eerlijk,luxemburger
eerlijk,europa
eerlijk,luxembourg
eer,belgisch
eer,nederlanders
eer,nederlands
eer,duitser
eer,duits
eer,europeanen
eer,luxemburgers
eer,europees
eer,belg
eer,duitsers
eer,belgie
eer,nederlander
eer,duitsland
eer,nederland
eer,fransen
eer,frans
eer,frankrijk
eer,belgen
eer,luxemburger
eer,europa
eer,luxembourg
vrede,belgisch
vrede,nederlanders
vrede,nederlands
vrede,duitser
vrede,duits
vrede,europeanen
vrede,luxemburgers
vrede,europees
vrede,belg
vrede,duitsers
vrede,belgie
vrede,nederlander
vrede,duitsland
vrede,nederland
vrede,fransen
vrede,frans
vrede,frankrijk
vrede,belgen
vrede,luxemburger
vrede,europa
vrede,luxembourg
hemel,belgisch
hemel,nederlanders
hemel,nederlands
hemel,duitser
hemel,duits
hemel,europeanen
hemel,luxemburgers
hemel,europees
hemel,belg
hemel,duitsers
hemel,belgie
hemel,nederlander
hemel,duitsland
hemel,nederland
hemel,fransen
hemel,frans
hemel,frankrijk
hemel,belgen
hemel,luxemburger
hemel,europa
hemel,luxembourg
gejuich,belgisch
gejuich,nederlanders
gejuich,nederlands
gejuich,duitser
gejuich,duits
gejuich,europeanen
gejuich,luxemburgers
gejuich,europees
gejuich,belg
gejuich,duitsers
gejuich,belgie
gejuich,nederlander
gejuich,duitsland
gejuich,nederland
gejuich,fransen
gejuich,frans
gejuich,frankrijk
gejuich,belgen
gejuich,luxemburger
gejuich,europa
gejuich,luxembourg
loyaal,belgisch
loyaal,nederlanders
loyaal,nederlands
loyaal,duitser
loyaal,duits
loyaal,europeanen
loyaal,luxemburgers
loyaal,europees
loyaal,belg
loyaal,duitsers
loyaal,belgie
loyaal,nederlander
loyaal,duitsland
loyaal,nederland
loyaal,fransen
loyaal,frans
loyaal,frankrijk
loyaal,belgen
loyaal,luxemburger
loyaal,europa
loyaal,luxembourg
liefde,belgisch
liefde,nederlanders
liefde,nederlands
liefde,duitser
liefde,duits
liefde,europeanen
liefde,luxemburgers
liefde,europees
liefde,belg
liefde,duitsers
liefde,belgie
liefde,nederlander
liefde,duitsland
liefde,nederland
liefde,fransen
liefde,frans
liefde,frankrijk
liefde,belgen
liefde,luxemburger
liefde,europa
liefde,luxembourg
vriend,belgisch
vriend,nederlanders
vriend,nederlands
vriend,duitser
vriend,duits
vriend,europeanen
vriend,luxemburgers
vriend,europees
vriend,belg
vriend,duitsers
vriend,belgie
vriend,nederlander
vriend,duitsland
vriend,nederland
vriend,fransen
vriend,frans
vriend,frankrijk
vriend,belgen
vriend,luxemburger
vriend,europa
vriend,luxembourg
geschenk,belgisch
geschenk,nederlanders
geschenk,nederlands
geschenk,duitser
geschenk,duits
geschenk,europeanen
geschenk,luxemburgers
geschenk,europees
geschenk,belg
geschenk,duitsers
geschenk,belgie
geschenk,nederlander
geschenk,duitsland
geschenk,nederland
geschenk,fransen
geschenk,frans
geschenk,frankrijk
geschenk,belgen
geschenk,luxemburger
geschenk,europa
geschenk,luxembourg
diamant,belgisch
diamant,nederlanders
diamant,nederlands
diamant,duitser
diamant,duits
diamant,europeanen
diamant,luxemburgers
diamant,europees
diamant,belg
diamant,duitsers
diamant,belgie
diamant,nederlander
diamant,duitsland
diamant,nederland
diamant,fransen
diamant,frans
diamant,frankrijk
diamant,belgen
diamant,luxemburger
diamant,europa
diamant,luxembourg
gelukkig,belgisch
gelukkig,nederlanders
gelukkig,nederlands
gelukkig,duitser
gelukkig,duits
gelukkig,europeanen
gelukkig,luxemburgers
gelukkig,europees
gelukkig,belg
gelukkig,duitsers
gelukkig,belgie
gelukkig,nederlander
gelukkig,duitsland
gelukkig,nederland
gelukkig,fransen
gelukkig,frans
gelukkig,frankrijk
gelukkig,belgen
gelukkig,luxemburger
gelukkig,europa
gelukkig,luxembourg
gezondheid,belgisch
gezondheid,nederlanders
gezondheid,nederlands
gezondheid,duitser
gezondheid,duits
gezondheid,europeanen
gezondheid,luxemburgers
gezondheid,europees
gezondheid,belg
gezondheid,duitsers
gezondheid,belgie
gezondheid,nederlander
gezondheid,duitsland
gezondheid,nederland
gezondheid,fransen
gezondheid,frans
gezondheid,frankrijk
gezondheid,belgen
gezondheid,luxemburger
gezondheid,europa
gezondheid,luxembourg
diploma,belgisch
diploma,nederlanders
diploma,nederlands
diploma,duitser
diploma,duits
diploma,europeanen
diploma,luxemburgers
diploma,europees
diploma,belg
diploma,duitsers
diploma,belgie
diploma,nederlander
diploma,duitsland
diploma,nederland
diploma,fransen
diploma,frans
diploma,frankrijk
diploma,belgen
diploma,luxemburger
diploma,europa
diploma,luxembourg
paradijs,belgisch
paradijs,nederlanders
paradijs,nederlands
paradijs,duitser
paradijs,duits
paradijs,europeanen
paradijs,luxemburgers
paradijs,europees
paradijs,belg
paradijs,duitsers
paradijs,belgie
paradijs,nederlander
paradijs,duitsland
paradijs,nederland
paradijs,fransen
paradijs,frans
paradijs,frankrijk
paradijs,belgen
paradijs,luxemburger
paradijs,europa
paradijs,luxembourg
wonder,belgisch
wonder,nederlanders
wonder,nederlands
wonder,duitser
wonder,duits
wonder,europeanen
wonder,luxemburgers
wonder,europees
wonder,belg
wonder,duitsers
wonder,belgie
wonder,nederlander
wonder,duitsland
wonder,nederland
wonder,fransen
wonder,frans
wonder,frankrijk
wonder,belgen
wonder,luxemburger
wonder,europa
wonder,luxembourg
zonsopgang,belgisch
zonsopgang,nederlanders
zonsopgang,nederlands
zonsopgang,duitser
zonsopgang,duits
zonsopgang,europeanen
zonsopgang,luxemburgers
zonsopgang,europees
zonsopgang,belg
zonsopgang,duitsers
zonsopgang,belgie
zonsopgang,nederlander
zonsopgang,duitsland
zonsopgang,nederland
zonsopgang,fransen
zonsopgang,frans
zonsopgang,frankrijk
zonsopgang,belgen
zonsopgang,luxemburger
zonsopgang,europa
zonsopgang,luxembourg
gelach,belgisch
gelach,nederlanders
gelach,nederlands
gelach,duitser
gelach,duits
gelach,europeanen
gelach,luxemburgers
gelach,europees
gelach,belg
gelach,duitsers
gelach,belgie
gelach,nederlander
gelach,duitsland
gelach,nederland
gelach,fransen
gelach,frans
gelach,frankrijk
gelach,belgen
gelach,luxemburger
gelach,europa
gelach,luxembourg
vakantie,belgisch
vakantie,nederlanders
vakantie,nederlands
vakantie,duitser
vakantie,duits
vakantie,europeanen
vakantie,luxemburgers
vakantie,europees
vakantie,belg
vakantie,duitsers
vakantie,belgie
vakantie,nederlander
vakantie,duitsland
vakantie,nederland
vakantie,fransen
vakantie,frans
vakantie,frankrijk
vakantie,belgen
vakantie,luxemburger
vakantie,europa
vakantie,luxembourg
vrijheid,belgisch
vrijheid,nederlanders
vrijheid,nederlands
vrijheid,duitser
vrijheid,duits
vrijheid,europeanen
vrijheid,luxemburgers
vrijheid,europees
vrijheid,belg
vrijheid,duitsers
vrijheid,belgie
vrijheid,nederlander
vrijheid,duitsland
vrijheid,nederland
vrijheid,fransen
vrijheid,frans
vrijheid,frankrijk
vrijheid,belgen
vrijheid,luxemburger
vrijheid,europa
vrijheid,luxembourg
