ontucht,djibouti
ontucht,ivoorkust
ontucht,guinee
ontucht,sahara
ontucht,malawi
ontucht,equatoriaal-guinea
ontucht,eritrea
ontucht,madeira
ontucht,somalië
ontucht,congo-kinshasa
ontucht,soedan
ontucht,canarische_eilanden
ontucht,zuid-soedan
ontucht,ethiopië
ontucht,afrikaanse_republiek
ontucht,egypte
ontucht,congo-brazzaville
ontucht,nigeria
ontucht,swaziland
ontucht,rwanda
ontucht,gabon
ontucht,liberia
ontucht,mauritius
ontucht,sierra_leone
ontucht,zuid-afrika
ontucht,lesotho
ontucht,kenia
ontucht,namibië
ontucht,ghana
ontucht,afrika
ontucht,comoren
ontucht,mauritanië
ontucht,guinee-bissau
ontucht,marokko
ontucht,burundi
ontucht,réunion
ontucht,angola
ontucht,senegal
ontucht,burkina faso
ontucht,mayotte
ontucht,togo
ontucht,zambia
ontucht,libië
ontucht,ceuta
ontucht,mozambique
ontucht,tunesië
ontucht,zimbabwe
ontucht,botswana
ontucht,kameroen
ontucht,madagaskar
ontucht,algerije
ontucht,gambia
ontucht,mali
ontucht,melilla
ontucht,niger
ontucht,oeganda
ontucht,benin
ontucht,seychellen
ontucht,kaapverdië
ontucht,tanzania
ontucht,tsjaad
verkrachten,djibouti
verkrachten,ivoorkust
verkrachten,guinee
verkrachten,sahara
verkrachten,malawi
verkrachten,equatoriaal-guinea
verkrachten,eritrea
verkrachten,madeira
verkrachten,somalië
verkrachten,congo-kinshasa
verkrachten,soedan
verkrachten,canarische_eilanden
verkrachten,zuid-soedan
verkrachten,ethiopië
verkrachten,afrikaanse_republiek
verkrachten,egypte
verkrachten,congo-brazzaville
verkrachten,nigeria
verkrachten,swaziland
verkrachten,rwanda
verkrachten,gabon
verkrachten,liberia
verkrachten,mauritius
verkrachten,sierra_leone
verkrachten,zuid-afrika
verkrachten,lesotho
verkrachten,kenia
verkrachten,namibië
verkrachten,ghana
verkrachten,afrika
verkrachten,comoren
verkrachten,mauritanië
verkrachten,guinee-bissau
verkrachten,marokko
verkrachten,burundi
verkrachten,réunion
verkrachten,angola
verkrachten,senegal
verkrachten,burkina faso
verkrachten,mayotte
verkrachten,togo
verkrachten,zambia
verkrachten,libië
verkrachten,ceuta
verkrachten,mozambique
verkrachten,tunesië
verkrachten,zimbabwe
verkrachten,botswana
verkrachten,kameroen
verkrachten,madagaskar
verkrachten,algerije
verkrachten,gambia
verkrachten,mali
verkrachten,melilla
verkrachten,niger
verkrachten,oeganda
verkrachten,benin
verkrachten,seychellen
verkrachten,kaapverdië
verkrachten,tanzania
verkrachten,tsjaad
verkrachtingszaak,djibouti
verkrachtingszaak,ivoorkust
verkrachtingszaak,guinee
verkrachtingszaak,sahara
verkrachtingszaak,malawi
verkrachtingszaak,equatoriaal-guinea
verkrachtingszaak,eritrea
verkrachtingszaak,madeira
verkrachtingszaak,somalië
verkrachtingszaak,congo-kinshasa
verkrachtingszaak,soedan
verkrachtingszaak,canarische_eilanden
verkrachtingszaak,zuid-soedan
verkrachtingszaak,ethiopië
verkrachtingszaak,afrikaanse_republiek
verkrachtingszaak,egypte
verkrachtingszaak,congo-brazzaville
verkrachtingszaak,nigeria
verkrachtingszaak,swaziland
verkrachtingszaak,rwanda
verkrachtingszaak,gabon
verkrachtingszaak,liberia
verkrachtingszaak,mauritius
verkrachtingszaak,sierra_leone
verkrachtingszaak,zuid-afrika
verkrachtingszaak,lesotho
verkrachtingszaak,kenia
verkrachtingszaak,namibië
verkrachtingszaak,ghana
verkrachtingszaak,afrika
verkrachtingszaak,comoren
verkrachtingszaak,mauritanië
verkrachtingszaak,guinee-bissau
verkrachtingszaak,marokko
verkrachtingszaak,burundi
verkrachtingszaak,réunion
verkrachtingszaak,angola
verkrachtingszaak,senegal
verkrachtingszaak,burkina faso
verkrachtingszaak,mayotte
verkrachtingszaak,togo
verkrachtingszaak,zambia
verkrachtingszaak,libië
verkrachtingszaak,ceuta
verkrachtingszaak,mozambique
verkrachtingszaak,tunesië
verkrachtingszaak,zimbabwe
verkrachtingszaak,botswana
verkrachtingszaak,kameroen
verkrachtingszaak,madagaskar
verkrachtingszaak,algerije
verkrachtingszaak,gambia
verkrachtingszaak,mali
verkrachtingszaak,melilla
verkrachtingszaak,niger
verkrachtingszaak,oeganda
verkrachtingszaak,benin
verkrachtingszaak,seychellen
verkrachtingszaak,kaapverdië
verkrachtingszaak,tanzania
verkrachtingszaak,tsjaad
verkrachte,djibouti
verkrachte,ivoorkust
verkrachte,guinee
verkrachte,sahara
verkrachte,malawi
verkrachte,equatoriaal-guinea
verkrachte,eritrea
verkrachte,madeira
verkrachte,somalië
verkrachte,congo-kinshasa
verkrachte,soedan
verkrachte,canarische_eilanden
verkrachte,zuid-soedan
verkrachte,ethiopië
verkrachte,afrikaanse_republiek
verkrachte,egypte
verkrachte,congo-brazzaville
verkrachte,nigeria
verkrachte,swaziland
verkrachte,rwanda
verkrachte,gabon
verkrachte,liberia
verkrachte,mauritius
verkrachte,sierra_leone
verkrachte,zuid-afrika
verkrachte,lesotho
verkrachte,kenia
verkrachte,namibië
verkrachte,ghana
verkrachte,afrika
verkrachte,comoren
verkrachte,mauritanië
verkrachte,guinee-bissau
verkrachte,marokko
verkrachte,burundi
verkrachte,réunion
verkrachte,angola
verkrachte,senegal
verkrachte,burkina faso
verkrachte,mayotte
verkrachte,togo
verkrachte,zambia
verkrachte,libië
verkrachte,ceuta
verkrachte,mozambique
verkrachte,tunesië
verkrachte,zimbabwe
verkrachte,botswana
verkrachte,kameroen
verkrachte,madagaskar
verkrachte,algerije
verkrachte,gambia
verkrachte,mali
verkrachte,melilla
verkrachte,niger
verkrachte,oeganda
verkrachte,benin
verkrachte,seychellen
verkrachte,kaapverdië
verkrachte,tanzania
verkrachte,tsjaad
vrouwenhandel,djibouti
vrouwenhandel,ivoorkust
vrouwenhandel,guinee
vrouwenhandel,sahara
vrouwenhandel,malawi
vrouwenhandel,equatoriaal-guinea
vrouwenhandel,eritrea
vrouwenhandel,madeira
vrouwenhandel,somalië
vrouwenhandel,congo-kinshasa
vrouwenhandel,soedan
vrouwenhandel,canarische_eilanden
vrouwenhandel,zuid-soedan
vrouwenhandel,ethiopië
vrouwenhandel,afrikaanse_republiek
vrouwenhandel,egypte
vrouwenhandel,congo-brazzaville
vrouwenhandel,nigeria
vrouwenhandel,swaziland
vrouwenhandel,rwanda
vrouwenhandel,gabon
vrouwenhandel,liberia
vrouwenhandel,mauritius
vrouwenhandel,sierra_leone
vrouwenhandel,zuid-afrika
vrouwenhandel,lesotho
vrouwenhandel,kenia
vrouwenhandel,namibië
vrouwenhandel,ghana
vrouwenhandel,afrika
vrouwenhandel,comoren
vrouwenhandel,mauritanië
vrouwenhandel,guinee-bissau
vrouwenhandel,marokko
vrouwenhandel,burundi
vrouwenhandel,réunion
vrouwenhandel,angola
vrouwenhandel,senegal
vrouwenhandel,burkina faso
vrouwenhandel,mayotte
vrouwenhandel,togo
vrouwenhandel,zambia
vrouwenhandel,libië
vrouwenhandel,ceuta
vrouwenhandel,mozambique
vrouwenhandel,tunesië
vrouwenhandel,zimbabwe
vrouwenhandel,botswana
vrouwenhandel,kameroen
vrouwenhandel,madagaskar
vrouwenhandel,algerije
vrouwenhandel,gambia
vrouwenhandel,mali
vrouwenhandel,melilla
vrouwenhandel,niger
vrouwenhandel,oeganda
vrouwenhandel,benin
vrouwenhandel,seychellen
vrouwenhandel,kaapverdië
vrouwenhandel,tanzania
vrouwenhandel,tsjaad
zedendelict,djibouti
zedendelict,ivoorkust
zedendelict,guinee
zedendelict,sahara
zedendelict,malawi
zedendelict,equatoriaal-guinea
zedendelict,eritrea
zedendelict,madeira
zedendelict,somalië
zedendelict,congo-kinshasa
zedendelict,soedan
zedendelict,canarische_eilanden
zedendelict,zuid-soedan
zedendelict,ethiopië
zedendelict,afrikaanse_republiek
zedendelict,egypte
zedendelict,congo-brazzaville
zedendelict,nigeria
zedendelict,swaziland
zedendelict,rwanda
zedendelict,gabon
zedendelict,liberia
zedendelict,mauritius
zedendelict,sierra_leone
zedendelict,zuid-afrika
zedendelict,lesotho
zedendelict,kenia
zedendelict,namibië
zedendelict,ghana
zedendelict,afrika
zedendelict,comoren
zedendelict,mauritanië
zedendelict,guinee-bissau
zedendelict,marokko
zedendelict,burundi
zedendelict,réunion
zedendelict,angola
zedendelict,senegal
zedendelict,burkina faso
zedendelict,mayotte
zedendelict,togo
zedendelict,zambia
zedendelict,libië
zedendelict,ceuta
zedendelict,mozambique
zedendelict,tunesië
zedendelict,zimbabwe
zedendelict,botswana
zedendelict,kameroen
zedendelict,madagaskar
zedendelict,algerije
zedendelict,gambia
zedendelict,mali
zedendelict,melilla
zedendelict,niger
zedendelict,oeganda
zedendelict,benin
zedendelict,seychellen
zedendelict,kaapverdië
zedendelict,tanzania
zedendelict,tsjaad
seksueel_geweld,djibouti
seksueel_geweld,ivoorkust
seksueel_geweld,guinee
seksueel_geweld,sahara
seksueel_geweld,malawi
seksueel_geweld,equatoriaal-guinea
seksueel_geweld,eritrea
seksueel_geweld,madeira
seksueel_geweld,somalië
seksueel_geweld,congo-kinshasa
seksueel_geweld,soedan
seksueel_geweld,canarische_eilanden
seksueel_geweld,zuid-soedan
seksueel_geweld,ethiopië
seksueel_geweld,afrikaanse_republiek
seksueel_geweld,egypte
seksueel_geweld,congo-brazzaville
seksueel_geweld,nigeria
seksueel_geweld,swaziland
seksueel_geweld,rwanda
seksueel_geweld,gabon
seksueel_geweld,liberia
seksueel_geweld,mauritius
seksueel_geweld,sierra_leone
seksueel_geweld,zuid-afrika
seksueel_geweld,lesotho
seksueel_geweld,kenia
seksueel_geweld,namibië
seksueel_geweld,ghana
seksueel_geweld,afrika
seksueel_geweld,comoren
seksueel_geweld,mauritanië
seksueel_geweld,guinee-bissau
seksueel_geweld,marokko
seksueel_geweld,burundi
seksueel_geweld,réunion
seksueel_geweld,angola
seksueel_geweld,senegal
seksueel_geweld,burkina faso
seksueel_geweld,mayotte
seksueel_geweld,togo
seksueel_geweld,zambia
seksueel_geweld,libië
seksueel_geweld,ceuta
seksueel_geweld,mozambique
seksueel_geweld,tunesië
seksueel_geweld,zimbabwe
seksueel_geweld,botswana
seksueel_geweld,kameroen
seksueel_geweld,madagaskar
seksueel_geweld,algerije
seksueel_geweld,gambia
seksueel_geweld,mali
seksueel_geweld,melilla
seksueel_geweld,niger
seksueel_geweld,oeganda
seksueel_geweld,benin
seksueel_geweld,seychellen
seksueel_geweld,kaapverdië
seksueel_geweld,tanzania
seksueel_geweld,tsjaad
verkracht,djibouti
verkracht,ivoorkust
verkracht,guinee
verkracht,sahara
verkracht,malawi
verkracht,equatoriaal-guinea
verkracht,eritrea
verkracht,madeira
verkracht,somalië
verkracht,congo-kinshasa
verkracht,soedan
verkracht,canarische_eilanden
verkracht,zuid-soedan
verkracht,ethiopië
verkracht,afrikaanse_republiek
verkracht,egypte
verkracht,congo-brazzaville
verkracht,nigeria
verkracht,swaziland
verkracht,rwanda
verkracht,gabon
verkracht,liberia
verkracht,mauritius
verkracht,sierra_leone
verkracht,zuid-afrika
verkracht,lesotho
verkracht,kenia
verkracht,namibië
verkracht,ghana
verkracht,afrika
verkracht,comoren
verkracht,mauritanië
verkracht,guinee-bissau
verkracht,marokko
verkracht,burundi
verkracht,réunion
verkracht,angola
verkracht,senegal
verkracht,burkina faso
verkracht,mayotte
verkracht,togo
verkracht,zambia
verkracht,libië
verkracht,ceuta
verkracht,mozambique
verkracht,tunesië
verkracht,zimbabwe
verkracht,botswana
verkracht,kameroen
verkracht,madagaskar
verkracht,algerije
verkracht,gambia
verkracht,mali
verkracht,melilla
verkracht,niger
verkracht,oeganda
verkracht,benin
verkracht,seychellen
verkracht,kaapverdië
verkracht,tanzania
verkracht,tsjaad
incest,djibouti
incest,ivoorkust
incest,guinee
incest,sahara
incest,malawi
incest,equatoriaal-guinea
incest,eritrea
incest,madeira
incest,somalië
incest,congo-kinshasa
incest,soedan
incest,canarische_eilanden
incest,zuid-soedan
incest,ethiopië
incest,afrikaanse_republiek
incest,egypte
incest,congo-brazzaville
incest,nigeria
incest,swaziland
incest,rwanda
incest,gabon
incest,liberia
incest,mauritius
incest,sierra_leone
incest,zuid-afrika
incest,lesotho
incest,kenia
incest,namibië
incest,ghana
incest,afrika
incest,comoren
incest,mauritanië
incest,guinee-bissau
incest,marokko
incest,burundi
incest,réunion
incest,angola
incest,senegal
incest,burkina faso
incest,mayotte
incest,togo
incest,zambia
incest,libië
incest,ceuta
incest,mozambique
incest,tunesië
incest,zimbabwe
incest,botswana
incest,kameroen
incest,madagaskar
incest,algerije
incest,gambia
incest,mali
incest,melilla
incest,niger
incest,oeganda
incest,benin
incest,seychellen
incest,kaapverdië
incest,tanzania
incest,tsjaad
pedofilie,djibouti
pedofilie,ivoorkust
pedofilie,guinee
pedofilie,sahara
pedofilie,malawi
pedofilie,equatoriaal-guinea
pedofilie,eritrea
pedofilie,madeira
pedofilie,somalië
pedofilie,congo-kinshasa
pedofilie,soedan
pedofilie,canarische_eilanden
pedofilie,zuid-soedan
pedofilie,ethiopië
pedofilie,afrikaanse_republiek
pedofilie,egypte
pedofilie,congo-brazzaville
pedofilie,nigeria
pedofilie,swaziland
pedofilie,rwanda
pedofilie,gabon
pedofilie,liberia
pedofilie,mauritius
pedofilie,sierra_leone
pedofilie,zuid-afrika
pedofilie,lesotho
pedofilie,kenia
pedofilie,namibië
pedofilie,ghana
pedofilie,afrika
pedofilie,comoren
pedofilie,mauritanië
pedofilie,guinee-bissau
pedofilie,marokko
pedofilie,burundi
pedofilie,réunion
pedofilie,angola
pedofilie,senegal
pedofilie,burkina faso
pedofilie,mayotte
pedofilie,togo
pedofilie,zambia
pedofilie,libië
pedofilie,ceuta
pedofilie,mozambique
pedofilie,tunesië
pedofilie,zimbabwe
pedofilie,botswana
pedofilie,kameroen
pedofilie,madagaskar
pedofilie,algerije
pedofilie,gambia
pedofilie,mali
pedofilie,melilla
pedofilie,niger
pedofilie,oeganda
pedofilie,benin
pedofilie,seychellen
pedofilie,kaapverdië
pedofilie,tanzania
pedofilie,tsjaad
gedwongen_prostitutie,djibouti
gedwongen_prostitutie,ivoorkust
gedwongen_prostitutie,guinee
gedwongen_prostitutie,sahara
gedwongen_prostitutie,malawi
gedwongen_prostitutie,equatoriaal-guinea
gedwongen_prostitutie,eritrea
gedwongen_prostitutie,madeira
gedwongen_prostitutie,somalië
gedwongen_prostitutie,congo-kinshasa
gedwongen_prostitutie,soedan
gedwongen_prostitutie,canarische_eilanden
gedwongen_prostitutie,zuid-soedan
gedwongen_prostitutie,ethiopië
gedwongen_prostitutie,afrikaanse_republiek
gedwongen_prostitutie,egypte
gedwongen_prostitutie,congo-brazzaville
gedwongen_prostitutie,nigeria
gedwongen_prostitutie,swaziland
gedwongen_prostitutie,rwanda
gedwongen_prostitutie,gabon
gedwongen_prostitutie,liberia
gedwongen_prostitutie,mauritius
gedwongen_prostitutie,sierra_leone
gedwongen_prostitutie,zuid-afrika
gedwongen_prostitutie,lesotho
gedwongen_prostitutie,kenia
gedwongen_prostitutie,namibië
gedwongen_prostitutie,ghana
gedwongen_prostitutie,afrika
gedwongen_prostitutie,comoren
gedwongen_prostitutie,mauritanië
gedwongen_prostitutie,guinee-bissau
gedwongen_prostitutie,marokko
gedwongen_prostitutie,burundi
gedwongen_prostitutie,réunion
gedwongen_prostitutie,angola
gedwongen_prostitutie,senegal
gedwongen_prostitutie,burkina faso
gedwongen_prostitutie,mayotte
gedwongen_prostitutie,togo
gedwongen_prostitutie,zambia
gedwongen_prostitutie,libië
gedwongen_prostitutie,ceuta
gedwongen_prostitutie,mozambique
gedwongen_prostitutie,tunesië
gedwongen_prostitutie,zimbabwe
gedwongen_prostitutie,botswana
gedwongen_prostitutie,kameroen
gedwongen_prostitutie,madagaskar
gedwongen_prostitutie,algerije
gedwongen_prostitutie,gambia
gedwongen_prostitutie,mali
gedwongen_prostitutie,melilla
gedwongen_prostitutie,niger
gedwongen_prostitutie,oeganda
gedwongen_prostitutie,benin
gedwongen_prostitutie,seychellen
gedwongen_prostitutie,kaapverdië
gedwongen_prostitutie,tanzania
gedwongen_prostitutie,tsjaad
zedenmisdrijven,djibouti
zedenmisdrijven,ivoorkust
zedenmisdrijven,guinee
zedenmisdrijven,sahara
zedenmisdrijven,malawi
zedenmisdrijven,equatoriaal-guinea
zedenmisdrijven,eritrea
zedenmisdrijven,madeira
zedenmisdrijven,somalië
zedenmisdrijven,congo-kinshasa
zedenmisdrijven,soedan
zedenmisdrijven,canarische_eilanden
zedenmisdrijven,zuid-soedan
zedenmisdrijven,ethiopië
zedenmisdrijven,afrikaanse_republiek
zedenmisdrijven,egypte
zedenmisdrijven,congo-brazzaville
zedenmisdrijven,nigeria
zedenmisdrijven,swaziland
zedenmisdrijven,rwanda
zedenmisdrijven,gabon
zedenmisdrijven,liberia
zedenmisdrijven,mauritius
zedenmisdrijven,sierra_leone
zedenmisdrijven,zuid-afrika
zedenmisdrijven,lesotho
zedenmisdrijven,kenia
zedenmisdrijven,namibië
zedenmisdrijven,ghana
zedenmisdrijven,afrika
zedenmisdrijven,comoren
zedenmisdrijven,mauritanië
zedenmisdrijven,guinee-bissau
zedenmisdrijven,marokko
zedenmisdrijven,burundi
zedenmisdrijven,réunion
zedenmisdrijven,angola
zedenmisdrijven,senegal
zedenmisdrijven,burkina faso
zedenmisdrijven,mayotte
zedenmisdrijven,togo
zedenmisdrijven,zambia
zedenmisdrijven,libië
zedenmisdrijven,ceuta
zedenmisdrijven,mozambique
zedenmisdrijven,tunesië
zedenmisdrijven,zimbabwe
zedenmisdrijven,botswana
zedenmisdrijven,kameroen
zedenmisdrijven,madagaskar
zedenmisdrijven,algerije
zedenmisdrijven,gambia
zedenmisdrijven,mali
zedenmisdrijven,melilla
zedenmisdrijven,niger
zedenmisdrijven,oeganda
zedenmisdrijven,benin
zedenmisdrijven,seychellen
zedenmisdrijven,kaapverdië
zedenmisdrijven,tanzania
zedenmisdrijven,tsjaad
aanranding,djibouti
aanranding,ivoorkust
aanranding,guinee
aanranding,sahara
aanranding,malawi
aanranding,equatoriaal-guinea
aanranding,eritrea
aanranding,madeira
aanranding,somalië
aanranding,congo-kinshasa
aanranding,soedan
aanranding,canarische_eilanden
aanranding,zuid-soedan
aanranding,ethiopië
aanranding,afrikaanse_republiek
aanranding,egypte
aanranding,congo-brazzaville
aanranding,nigeria
aanranding,swaziland
aanranding,rwanda
aanranding,gabon
aanranding,liberia
aanranding,mauritius
aanranding,sierra_leone
aanranding,zuid-afrika
aanranding,lesotho
aanranding,kenia
aanranding,namibië
aanranding,ghana
aanranding,afrika
aanranding,comoren
aanranding,mauritanië
aanranding,guinee-bissau
aanranding,marokko
aanranding,burundi
aanranding,réunion
aanranding,angola
aanranding,senegal
aanranding,burkina faso
aanranding,mayotte
aanranding,togo
aanranding,zambia
aanranding,libië
aanranding,ceuta
aanranding,mozambique
aanranding,tunesië
aanranding,zimbabwe
aanranding,botswana
aanranding,kameroen
aanranding,madagaskar
aanranding,algerije
aanranding,gambia
aanranding,mali
aanranding,melilla
aanranding,niger
aanranding,oeganda
aanranding,benin
aanranding,seychellen
aanranding,kaapverdië
aanranding,tanzania
aanranding,tsjaad
aanrandingen,djibouti
aanrandingen,ivoorkust
aanrandingen,guinee
aanrandingen,sahara
aanrandingen,malawi
aanrandingen,equatoriaal-guinea
aanrandingen,eritrea
aanrandingen,madeira
aanrandingen,somalië
aanrandingen,congo-kinshasa
aanrandingen,soedan
aanrandingen,canarische_eilanden
aanrandingen,zuid-soedan
aanrandingen,ethiopië
aanrandingen,afrikaanse_republiek
aanrandingen,egypte
aanrandingen,congo-brazzaville
aanrandingen,nigeria
aanrandingen,swaziland
aanrandingen,rwanda
aanrandingen,gabon
aanrandingen,liberia
aanrandingen,mauritius
aanrandingen,sierra_leone
aanrandingen,zuid-afrika
aanrandingen,lesotho
aanrandingen,kenia
aanrandingen,namibië
aanrandingen,ghana
aanrandingen,afrika
aanrandingen,comoren
aanrandingen,mauritanië
aanrandingen,guinee-bissau
aanrandingen,marokko
aanrandingen,burundi
aanrandingen,réunion
aanrandingen,angola
aanrandingen,senegal
aanrandingen,burkina faso
aanrandingen,mayotte
aanrandingen,togo
aanrandingen,zambia
aanrandingen,libië
aanrandingen,ceuta
aanrandingen,mozambique
aanrandingen,tunesië
aanrandingen,zimbabwe
aanrandingen,botswana
aanrandingen,kameroen
aanrandingen,madagaskar
aanrandingen,algerije
aanrandingen,gambia
aanrandingen,mali
aanrandingen,melilla
aanrandingen,niger
aanrandingen,oeganda
aanrandingen,benin
aanrandingen,seychellen
aanrandingen,kaapverdië
aanrandingen,tanzania
aanrandingen,tsjaad
zedenmisdrijf,djibouti
zedenmisdrijf,ivoorkust
zedenmisdrijf,guinee
zedenmisdrijf,sahara
zedenmisdrijf,malawi
zedenmisdrijf,equatoriaal-guinea
zedenmisdrijf,eritrea
zedenmisdrijf,madeira
zedenmisdrijf,somalië
zedenmisdrijf,congo-kinshasa
zedenmisdrijf,soedan
zedenmisdrijf,canarische_eilanden
zedenmisdrijf,zuid-soedan
zedenmisdrijf,ethiopië
zedenmisdrijf,afrikaanse_republiek
zedenmisdrijf,egypte
zedenmisdrijf,congo-brazzaville
zedenmisdrijf,nigeria
zedenmisdrijf,swaziland
zedenmisdrijf,rwanda
zedenmisdrijf,gabon
zedenmisdrijf,liberia
zedenmisdrijf,mauritius
zedenmisdrijf,sierra_leone
zedenmisdrijf,zuid-afrika
zedenmisdrijf,lesotho
zedenmisdrijf,kenia
zedenmisdrijf,namibië
zedenmisdrijf,ghana
zedenmisdrijf,afrika
zedenmisdrijf,comoren
zedenmisdrijf,mauritanië
zedenmisdrijf,guinee-bissau
zedenmisdrijf,marokko
zedenmisdrijf,burundi
zedenmisdrijf,réunion
zedenmisdrijf,angola
zedenmisdrijf,senegal
zedenmisdrijf,burkina faso
zedenmisdrijf,mayotte
zedenmisdrijf,togo
zedenmisdrijf,zambia
zedenmisdrijf,libië
zedenmisdrijf,ceuta
zedenmisdrijf,mozambique
zedenmisdrijf,tunesië
zedenmisdrijf,zimbabwe
zedenmisdrijf,botswana
zedenmisdrijf,kameroen
zedenmisdrijf,madagaskar
zedenmisdrijf,algerije
zedenmisdrijf,gambia
zedenmisdrijf,mali
zedenmisdrijf,melilla
zedenmisdrijf,niger
zedenmisdrijf,oeganda
zedenmisdrijf,benin
zedenmisdrijf,seychellen
zedenmisdrijf,kaapverdië
zedenmisdrijf,tanzania
zedenmisdrijf,tsjaad
verkrachtingen,djibouti
verkrachtingen,ivoorkust
verkrachtingen,guinee
verkrachtingen,sahara
verkrachtingen,malawi
verkrachtingen,equatoriaal-guinea
verkrachtingen,eritrea
verkrachtingen,madeira
verkrachtingen,somalië
verkrachtingen,congo-kinshasa
verkrachtingen,soedan
verkrachtingen,canarische_eilanden
verkrachtingen,zuid-soedan
verkrachtingen,ethiopië
verkrachtingen,afrikaanse_republiek
verkrachtingen,egypte
verkrachtingen,congo-brazzaville
verkrachtingen,nigeria
verkrachtingen,swaziland
verkrachtingen,rwanda
verkrachtingen,gabon
verkrachtingen,liberia
verkrachtingen,mauritius
verkrachtingen,sierra_leone
verkrachtingen,zuid-afrika
verkrachtingen,lesotho
verkrachtingen,kenia
verkrachtingen,namibië
verkrachtingen,ghana
verkrachtingen,afrika
verkrachtingen,comoren
verkrachtingen,mauritanië
verkrachtingen,guinee-bissau
verkrachtingen,marokko
verkrachtingen,burundi
verkrachtingen,réunion
verkrachtingen,angola
verkrachtingen,senegal
verkrachtingen,burkina faso
verkrachtingen,mayotte
verkrachtingen,togo
verkrachtingen,zambia
verkrachtingen,libië
verkrachtingen,ceuta
verkrachtingen,mozambique
verkrachtingen,tunesië
verkrachtingen,zimbabwe
verkrachtingen,botswana
verkrachtingen,kameroen
verkrachtingen,madagaskar
verkrachtingen,algerije
verkrachtingen,gambia
verkrachtingen,mali
verkrachtingen,melilla
verkrachtingen,niger
verkrachtingen,oeganda
verkrachtingen,benin
verkrachtingen,seychellen
verkrachtingen,kaapverdië
verkrachtingen,tanzania
verkrachtingen,tsjaad
seksuele_intimidatie,djibouti
seksuele_intimidatie,ivoorkust
seksuele_intimidatie,guinee
seksuele_intimidatie,sahara
seksuele_intimidatie,malawi
seksuele_intimidatie,equatoriaal-guinea
seksuele_intimidatie,eritrea
seksuele_intimidatie,madeira
seksuele_intimidatie,somalië
seksuele_intimidatie,congo-kinshasa
seksuele_intimidatie,soedan
seksuele_intimidatie,canarische_eilanden
seksuele_intimidatie,zuid-soedan
seksuele_intimidatie,ethiopië
seksuele_intimidatie,afrikaanse_republiek
seksuele_intimidatie,egypte
seksuele_intimidatie,congo-brazzaville
seksuele_intimidatie,nigeria
seksuele_intimidatie,swaziland
seksuele_intimidatie,rwanda
seksuele_intimidatie,gabon
seksuele_intimidatie,liberia
seksuele_intimidatie,mauritius
seksuele_intimidatie,sierra_leone
seksuele_intimidatie,zuid-afrika
seksuele_intimidatie,lesotho
seksuele_intimidatie,kenia
seksuele_intimidatie,namibië
seksuele_intimidatie,ghana
seksuele_intimidatie,afrika
seksuele_intimidatie,comoren
seksuele_intimidatie,mauritanië
seksuele_intimidatie,guinee-bissau
seksuele_intimidatie,marokko
seksuele_intimidatie,burundi
seksuele_intimidatie,réunion
seksuele_intimidatie,angola
seksuele_intimidatie,senegal
seksuele_intimidatie,burkina faso
seksuele_intimidatie,mayotte
seksuele_intimidatie,togo
seksuele_intimidatie,zambia
seksuele_intimidatie,libië
seksuele_intimidatie,ceuta
seksuele_intimidatie,mozambique
seksuele_intimidatie,tunesië
seksuele_intimidatie,zimbabwe
seksuele_intimidatie,botswana
seksuele_intimidatie,kameroen
seksuele_intimidatie,madagaskar
seksuele_intimidatie,algerije
seksuele_intimidatie,gambia
seksuele_intimidatie,mali
seksuele_intimidatie,melilla
seksuele_intimidatie,niger
seksuele_intimidatie,oeganda
seksuele_intimidatie,benin
seksuele_intimidatie,seychellen
seksuele_intimidatie,kaapverdië
seksuele_intimidatie,tanzania
seksuele_intimidatie,tsjaad
groepsverkrachting,djibouti
groepsverkrachting,ivoorkust
groepsverkrachting,guinee
groepsverkrachting,sahara
groepsverkrachting,malawi
groepsverkrachting,equatoriaal-guinea
groepsverkrachting,eritrea
groepsverkrachting,madeira
groepsverkrachting,somalië
groepsverkrachting,congo-kinshasa
groepsverkrachting,soedan
groepsverkrachting,canarische_eilanden
groepsverkrachting,zuid-soedan
groepsverkrachting,ethiopië
groepsverkrachting,afrikaanse_republiek
groepsverkrachting,egypte
groepsverkrachting,congo-brazzaville
groepsverkrachting,nigeria
groepsverkrachting,swaziland
groepsverkrachting,rwanda
groepsverkrachting,gabon
groepsverkrachting,liberia
groepsverkrachting,mauritius
groepsverkrachting,sierra_leone
groepsverkrachting,zuid-afrika
groepsverkrachting,lesotho
groepsverkrachting,kenia
groepsverkrachting,namibië
groepsverkrachting,ghana
groepsverkrachting,afrika
groepsverkrachting,comoren
groepsverkrachting,mauritanië
groepsverkrachting,guinee-bissau
groepsverkrachting,marokko
groepsverkrachting,burundi
groepsverkrachting,réunion
groepsverkrachting,angola
groepsverkrachting,senegal
groepsverkrachting,burkina faso
groepsverkrachting,mayotte
groepsverkrachting,togo
groepsverkrachting,zambia
groepsverkrachting,libië
groepsverkrachting,ceuta
groepsverkrachting,mozambique
groepsverkrachting,tunesië
groepsverkrachting,zimbabwe
groepsverkrachting,botswana
groepsverkrachting,kameroen
groepsverkrachting,madagaskar
groepsverkrachting,algerije
groepsverkrachting,gambia
groepsverkrachting,mali
groepsverkrachting,melilla
groepsverkrachting,niger
groepsverkrachting,oeganda
groepsverkrachting,benin
groepsverkrachting,seychellen
groepsverkrachting,kaapverdië
groepsverkrachting,tanzania
groepsverkrachting,tsjaad
handtastelijkheden,djibouti
handtastelijkheden,ivoorkust
handtastelijkheden,guinee
handtastelijkheden,sahara
handtastelijkheden,malawi
handtastelijkheden,equatoriaal-guinea
handtastelijkheden,eritrea
handtastelijkheden,madeira
handtastelijkheden,somalië
handtastelijkheden,congo-kinshasa
handtastelijkheden,soedan
handtastelijkheden,canarische_eilanden
handtastelijkheden,zuid-soedan
handtastelijkheden,ethiopië
handtastelijkheden,afrikaanse_republiek
handtastelijkheden,egypte
handtastelijkheden,congo-brazzaville
handtastelijkheden,nigeria
handtastelijkheden,swaziland
handtastelijkheden,rwanda
handtastelijkheden,gabon
handtastelijkheden,liberia
handtastelijkheden,mauritius
handtastelijkheden,sierra_leone
handtastelijkheden,zuid-afrika
handtastelijkheden,lesotho
handtastelijkheden,kenia
handtastelijkheden,namibië
handtastelijkheden,ghana
handtastelijkheden,afrika
handtastelijkheden,comoren
handtastelijkheden,mauritanië
handtastelijkheden,guinee-bissau
handtastelijkheden,marokko
handtastelijkheden,burundi
handtastelijkheden,réunion
handtastelijkheden,angola
handtastelijkheden,senegal
handtastelijkheden,burkina faso
handtastelijkheden,mayotte
handtastelijkheden,togo
handtastelijkheden,zambia
handtastelijkheden,libië
handtastelijkheden,ceuta
handtastelijkheden,mozambique
handtastelijkheden,tunesië
handtastelijkheden,zimbabwe
handtastelijkheden,botswana
handtastelijkheden,kameroen
handtastelijkheden,madagaskar
handtastelijkheden,algerije
handtastelijkheden,gambia
handtastelijkheden,mali
handtastelijkheden,melilla
handtastelijkheden,niger
handtastelijkheden,oeganda
handtastelijkheden,benin
handtastelijkheden,seychellen
handtastelijkheden,kaapverdië
handtastelijkheden,tanzania
handtastelijkheden,tsjaad
seksueel_misbruik,djibouti
seksueel_misbruik,ivoorkust
seksueel_misbruik,guinee
seksueel_misbruik,sahara
seksueel_misbruik,malawi
seksueel_misbruik,equatoriaal-guinea
seksueel_misbruik,eritrea
seksueel_misbruik,madeira
seksueel_misbruik,somalië
seksueel_misbruik,congo-kinshasa
seksueel_misbruik,soedan
seksueel_misbruik,canarische_eilanden
seksueel_misbruik,zuid-soedan
seksueel_misbruik,ethiopië
seksueel_misbruik,afrikaanse_republiek
seksueel_misbruik,egypte
seksueel_misbruik,congo-brazzaville
seksueel_misbruik,nigeria
seksueel_misbruik,swaziland
seksueel_misbruik,rwanda
seksueel_misbruik,gabon
seksueel_misbruik,liberia
seksueel_misbruik,mauritius
seksueel_misbruik,sierra_leone
seksueel_misbruik,zuid-afrika
seksueel_misbruik,lesotho
seksueel_misbruik,kenia
seksueel_misbruik,namibië
seksueel_misbruik,ghana
seksueel_misbruik,afrika
seksueel_misbruik,comoren
seksueel_misbruik,mauritanië
seksueel_misbruik,guinee-bissau
seksueel_misbruik,marokko
seksueel_misbruik,burundi
seksueel_misbruik,réunion
seksueel_misbruik,angola
seksueel_misbruik,senegal
seksueel_misbruik,burkina faso
seksueel_misbruik,mayotte
seksueel_misbruik,togo
seksueel_misbruik,zambia
seksueel_misbruik,libië
seksueel_misbruik,ceuta
seksueel_misbruik,mozambique
seksueel_misbruik,tunesië
seksueel_misbruik,zimbabwe
seksueel_misbruik,botswana
seksueel_misbruik,kameroen
seksueel_misbruik,madagaskar
seksueel_misbruik,algerije
seksueel_misbruik,gambia
seksueel_misbruik,mali
seksueel_misbruik,melilla
seksueel_misbruik,niger
seksueel_misbruik,oeganda
seksueel_misbruik,benin
seksueel_misbruik,seychellen
seksueel_misbruik,kaapverdië
seksueel_misbruik,tanzania
seksueel_misbruik,tsjaad
groepsverkrachtingen,djibouti
groepsverkrachtingen,ivoorkust
groepsverkrachtingen,guinee
groepsverkrachtingen,sahara
groepsverkrachtingen,malawi
groepsverkrachtingen,equatoriaal-guinea
groepsverkrachtingen,eritrea
groepsverkrachtingen,madeira
groepsverkrachtingen,somalië
groepsverkrachtingen,congo-kinshasa
groepsverkrachtingen,soedan
groepsverkrachtingen,canarische_eilanden
groepsverkrachtingen,zuid-soedan
groepsverkrachtingen,ethiopië
groepsverkrachtingen,afrikaanse_republiek
groepsverkrachtingen,egypte
groepsverkrachtingen,congo-brazzaville
groepsverkrachtingen,nigeria
groepsverkrachtingen,swaziland
groepsverkrachtingen,rwanda
groepsverkrachtingen,gabon
groepsverkrachtingen,liberia
groepsverkrachtingen,mauritius
groepsverkrachtingen,sierra_leone
groepsverkrachtingen,zuid-afrika
groepsverkrachtingen,lesotho
groepsverkrachtingen,kenia
groepsverkrachtingen,namibië
groepsverkrachtingen,ghana
groepsverkrachtingen,afrika
groepsverkrachtingen,comoren
groepsverkrachtingen,mauritanië
groepsverkrachtingen,guinee-bissau
groepsverkrachtingen,marokko
groepsverkrachtingen,burundi
groepsverkrachtingen,réunion
groepsverkrachtingen,angola
groepsverkrachtingen,senegal
groepsverkrachtingen,burkina faso
groepsverkrachtingen,mayotte
groepsverkrachtingen,togo
groepsverkrachtingen,zambia
groepsverkrachtingen,libië
groepsverkrachtingen,ceuta
groepsverkrachtingen,mozambique
groepsverkrachtingen,tunesië
groepsverkrachtingen,zimbabwe
groepsverkrachtingen,botswana
groepsverkrachtingen,kameroen
groepsverkrachtingen,madagaskar
groepsverkrachtingen,algerije
groepsverkrachtingen,gambia
groepsverkrachtingen,mali
groepsverkrachtingen,melilla
groepsverkrachtingen,niger
groepsverkrachtingen,oeganda
groepsverkrachtingen,benin
groepsverkrachtingen,seychellen
groepsverkrachtingen,kaapverdië
groepsverkrachtingen,tanzania
groepsverkrachtingen,tsjaad
