ontucht,belgisch
ontucht,nederlanders
ontucht,nederlands
ontucht,duitser
ontucht,duits
ontucht,europeanen
ontucht,luxemburgers
ontucht,europees
ontucht,belg
ontucht,duitsers
ontucht,belgie
ontucht,nederlander
ontucht,duitsland
ontucht,nederland
ontucht,fransen
ontucht,frans
ontucht,frankrijk
ontucht,belgen
ontucht,luxemburger
ontucht,europa
ontucht,luxembourg
verkrachten,belgisch
verkrachten,nederlanders
verkrachten,nederlands
verkrachten,duitser
verkrachten,duits
verkrachten,europeanen
verkrachten,luxemburgers
verkrachten,europees
verkrachten,belg
verkrachten,duitsers
verkrachten,belgie
verkrachten,nederlander
verkrachten,duitsland
verkrachten,nederland
verkrachten,fransen
verkrachten,frans
verkrachten,frankrijk
verkrachten,belgen
verkrachten,luxemburger
verkrachten,europa
verkrachten,luxembourg
verkrachtingszaak,belgisch
verkrachtingszaak,nederlanders
verkrachtingszaak,nederlands
verkrachtingszaak,duitser
verkrachtingszaak,duits
verkrachtingszaak,europeanen
verkrachtingszaak,luxemburgers
verkrachtingszaak,europees
verkrachtingszaak,belg
verkrachtingszaak,duitsers
verkrachtingszaak,belgie
verkrachtingszaak,nederlander
verkrachtingszaak,duitsland
verkrachtingszaak,nederland
verkrachtingszaak,fransen
verkrachtingszaak,frans
verkrachtingszaak,frankrijk
verkrachtingszaak,belgen
verkrachtingszaak,luxemburger
verkrachtingszaak,europa
verkrachtingszaak,luxembourg
verkrachte,belgisch
verkrachte,nederlanders
verkrachte,nederlands
verkrachte,duitser
verkrachte,duits
verkrachte,europeanen
verkrachte,luxemburgers
verkrachte,europees
verkrachte,belg
verkrachte,duitsers
verkrachte,belgie
verkrachte,nederlander
verkrachte,duitsland
verkrachte,nederland
verkrachte,fransen
verkrachte,frans
verkrachte,frankrijk
verkrachte,belgen
verkrachte,luxemburger
verkrachte,europa
verkrachte,luxembourg
vrouwenhandel,belgisch
vrouwenhandel,nederlanders
vrouwenhandel,nederlands
vrouwenhandel,duitser
vrouwenhandel,duits
vrouwenhandel,europeanen
vrouwenhandel,luxemburgers
vrouwenhandel,europees
vrouwenhandel,belg
vrouwenhandel,duitsers
vrouwenhandel,belgie
vrouwenhandel,nederlander
vrouwenhandel,duitsland
vrouwenhandel,nederland
vrouwenhandel,fransen
vrouwenhandel,frans
vrouwenhandel,frankrijk
vrouwenhandel,belgen
vrouwenhandel,luxemburger
vrouwenhandel,europa
vrouwenhandel,luxembourg
zedendelict,belgisch
zedendelict,nederlanders
zedendelict,nederlands
zedendelict,duitser
zedendelict,duits
zedendelict,europeanen
zedendelict,luxemburgers
zedendelict,europees
zedendelict,belg
zedendelict,duitsers
zedendelict,belgie
zedendelict,nederlander
zedendelict,duitsland
zedendelict,nederland
zedendelict,fransen
zedendelict,frans
zedendelict,frankrijk
zedendelict,belgen
zedendelict,luxemburger
zedendelict,europa
zedendelict,luxembourg
seksueel_geweld,belgisch
seksueel_geweld,nederlanders
seksueel_geweld,nederlands
seksueel_geweld,duitser
seksueel_geweld,duits
seksueel_geweld,europeanen
seksueel_geweld,luxemburgers
seksueel_geweld,europees
seksueel_geweld,belg
seksueel_geweld,duitsers
seksueel_geweld,belgie
seksueel_geweld,nederlander
seksueel_geweld,duitsland
seksueel_geweld,nederland
seksueel_geweld,fransen
seksueel_geweld,frans
seksueel_geweld,frankrijk
seksueel_geweld,belgen
seksueel_geweld,luxemburger
seksueel_geweld,europa
seksueel_geweld,luxembourg
verkracht,belgisch
verkracht,nederlanders
verkracht,nederlands
verkracht,duitser
verkracht,duits
verkracht,europeanen
verkracht,luxemburgers
verkracht,europees
verkracht,belg
verkracht,duitsers
verkracht,belgie
verkracht,nederlander
verkracht,duitsland
verkracht,nederland
verkracht,fransen
verkracht,frans
verkracht,frankrijk
verkracht,belgen
verkracht,luxemburger
verkracht,europa
verkracht,luxembourg
incest,belgisch
incest,nederlanders
incest,nederlands
incest,duitser
incest,duits
incest,europeanen
incest,luxemburgers
incest,europees
incest,belg
incest,duitsers
incest,belgie
incest,nederlander
incest,duitsland
incest,nederland
incest,fransen
incest,frans
incest,frankrijk
incest,belgen
incest,luxemburger
incest,europa
incest,luxembourg
pedofilie,belgisch
pedofilie,nederlanders
pedofilie,nederlands
pedofilie,duitser
pedofilie,duits
pedofilie,europeanen
pedofilie,luxemburgers
pedofilie,europees
pedofilie,belg
pedofilie,duitsers
pedofilie,belgie
pedofilie,nederlander
pedofilie,duitsland
pedofilie,nederland
pedofilie,fransen
pedofilie,frans
pedofilie,frankrijk
pedofilie,belgen
pedofilie,luxemburger
pedofilie,europa
pedofilie,luxembourg
gedwongen_prostitutie,belgisch
gedwongen_prostitutie,nederlanders
gedwongen_prostitutie,nederlands
gedwongen_prostitutie,duitser
gedwongen_prostitutie,duits
gedwongen_prostitutie,europeanen
gedwongen_prostitutie,luxemburgers
gedwongen_prostitutie,europees
gedwongen_prostitutie,belg
gedwongen_prostitutie,duitsers
gedwongen_prostitutie,belgie
gedwongen_prostitutie,nederlander
gedwongen_prostitutie,duitsland
gedwongen_prostitutie,nederland
gedwongen_prostitutie,fransen
gedwongen_prostitutie,frans
gedwongen_prostitutie,frankrijk
gedwongen_prostitutie,belgen
gedwongen_prostitutie,luxemburger
gedwongen_prostitutie,europa
gedwongen_prostitutie,luxembourg
zedenmisdrijven,belgisch
zedenmisdrijven,nederlanders
zedenmisdrijven,nederlands
zedenmisdrijven,duitser
zedenmisdrijven,duits
zedenmisdrijven,europeanen
zedenmisdrijven,luxemburgers
zedenmisdrijven,europees
zedenmisdrijven,belg
zedenmisdrijven,duitsers
zedenmisdrijven,belgie
zedenmisdrijven,nederlander
zedenmisdrijven,duitsland
zedenmisdrijven,nederland
zedenmisdrijven,fransen
zedenmisdrijven,frans
zedenmisdrijven,frankrijk
zedenmisdrijven,belgen
zedenmisdrijven,luxemburger
zedenmisdrijven,europa
zedenmisdrijven,luxembourg
aanranding,belgisch
aanranding,nederlanders
aanranding,nederlands
aanranding,duitser
aanranding,duits
aanranding,europeanen
aanranding,luxemburgers
aanranding,europees
aanranding,belg
aanranding,duitsers
aanranding,belgie
aanranding,nederlander
aanranding,duitsland
aanranding,nederland
aanranding,fransen
aanranding,frans
aanranding,frankrijk
aanranding,belgen
aanranding,luxemburger
aanranding,europa
aanranding,luxembourg
aanrandingen,belgisch
aanrandingen,nederlanders
aanrandingen,nederlands
aanrandingen,duitser
aanrandingen,duits
aanrandingen,europeanen
aanrandingen,luxemburgers
aanrandingen,europees
aanrandingen,belg
aanrandingen,duitsers
aanrandingen,belgie
aanrandingen,nederlander
aanrandingen,duitsland
aanrandingen,nederland
aanrandingen,fransen
aanrandingen,frans
aanrandingen,frankrijk
aanrandingen,belgen
aanrandingen,luxemburger
aanrandingen,europa
aanrandingen,luxembourg
zedenmisdrijf,belgisch
zedenmisdrijf,nederlanders
zedenmisdrijf,nederlands
zedenmisdrijf,duitser
zedenmisdrijf,duits
zedenmisdrijf,europeanen
zedenmisdrijf,luxemburgers
zedenmisdrijf,europees
zedenmisdrijf,belg
zedenmisdrijf,duitsers
zedenmisdrijf,belgie
zedenmisdrijf,nederlander
zedenmisdrijf,duitsland
zedenmisdrijf,nederland
zedenmisdrijf,fransen
zedenmisdrijf,frans
zedenmisdrijf,frankrijk
zedenmisdrijf,belgen
zedenmisdrijf,luxemburger
zedenmisdrijf,europa
zedenmisdrijf,luxembourg
verkrachtingen,belgisch
verkrachtingen,nederlanders
verkrachtingen,nederlands
verkrachtingen,duitser
verkrachtingen,duits
verkrachtingen,europeanen
verkrachtingen,luxemburgers
verkrachtingen,europees
verkrachtingen,belg
verkrachtingen,duitsers
verkrachtingen,belgie
verkrachtingen,nederlander
verkrachtingen,duitsland
verkrachtingen,nederland
verkrachtingen,fransen
verkrachtingen,frans
verkrachtingen,frankrijk
verkrachtingen,belgen
verkrachtingen,luxemburger
verkrachtingen,europa
verkrachtingen,luxembourg
seksuele_intimidatie,belgisch
seksuele_intimidatie,nederlanders
seksuele_intimidatie,nederlands
seksuele_intimidatie,duitser
seksuele_intimidatie,duits
seksuele_intimidatie,europeanen
seksuele_intimidatie,luxemburgers
seksuele_intimidatie,europees
seksuele_intimidatie,belg
seksuele_intimidatie,duitsers
seksuele_intimidatie,belgie
seksuele_intimidatie,nederlander
seksuele_intimidatie,duitsland
seksuele_intimidatie,nederland
seksuele_intimidatie,fransen
seksuele_intimidatie,frans
seksuele_intimidatie,frankrijk
seksuele_intimidatie,belgen
seksuele_intimidatie,luxemburger
seksuele_intimidatie,europa
seksuele_intimidatie,luxembourg
groepsverkrachting,belgisch
groepsverkrachting,nederlanders
groepsverkrachting,nederlands
groepsverkrachting,duitser
groepsverkrachting,duits
groepsverkrachting,europeanen
groepsverkrachting,luxemburgers
groepsverkrachting,europees
groepsverkrachting,belg
groepsverkrachting,duitsers
groepsverkrachting,belgie
groepsverkrachting,nederlander
groepsverkrachting,duitsland
groepsverkrachting,nederland
groepsverkrachting,fransen
groepsverkrachting,frans
groepsverkrachting,frankrijk
groepsverkrachting,belgen
groepsverkrachting,luxemburger
groepsverkrachting,europa
groepsverkrachting,luxembourg
handtastelijkheden,belgisch
handtastelijkheden,nederlanders
handtastelijkheden,nederlands
handtastelijkheden,duitser
handtastelijkheden,duits
handtastelijkheden,europeanen
handtastelijkheden,luxemburgers
handtastelijkheden,europees
handtastelijkheden,belg
handtastelijkheden,duitsers
handtastelijkheden,belgie
handtastelijkheden,nederlander
handtastelijkheden,duitsland
handtastelijkheden,nederland
handtastelijkheden,fransen
handtastelijkheden,frans
handtastelijkheden,frankrijk
handtastelijkheden,belgen
handtastelijkheden,luxemburger
handtastelijkheden,europa
handtastelijkheden,luxembourg
seksueel_misbruik,belgisch
seksueel_misbruik,nederlanders
seksueel_misbruik,nederlands
seksueel_misbruik,duitser
seksueel_misbruik,duits
seksueel_misbruik,europeanen
seksueel_misbruik,luxemburgers
seksueel_misbruik,europees
seksueel_misbruik,belg
seksueel_misbruik,duitsers
seksueel_misbruik,belgie
seksueel_misbruik,nederlander
seksueel_misbruik,duitsland
seksueel_misbruik,nederland
seksueel_misbruik,fransen
seksueel_misbruik,frans
seksueel_misbruik,frankrijk
seksueel_misbruik,belgen
seksueel_misbruik,luxemburger
seksueel_misbruik,europa
seksueel_misbruik,luxembourg
groepsverkrachtingen,belgisch
groepsverkrachtingen,nederlanders
groepsverkrachtingen,nederlands
groepsverkrachtingen,duitser
groepsverkrachtingen,duits
groepsverkrachtingen,europeanen
groepsverkrachtingen,luxemburgers
groepsverkrachtingen,europees
groepsverkrachtingen,belg
groepsverkrachtingen,duitsers
groepsverkrachtingen,belgie
groepsverkrachtingen,nederlander
groepsverkrachtingen,duitsland
groepsverkrachtingen,nederland
groepsverkrachtingen,fransen
groepsverkrachtingen,frans
groepsverkrachtingen,frankrijk
groepsverkrachtingen,belgen
groepsverkrachtingen,luxemburger
groepsverkrachtingen,europa
groepsverkrachtingen,luxembourg
