ontucht,vluchteling
ontucht,gambiaans
ontucht,somalier
ontucht,nigerianen
ontucht,eritrea
ontucht,immigranten
ontucht,eritreeer
ontucht,allochtonen
ontucht,eritreeers
ontucht,soedan
ontucht,afghanen
ontucht,bengalees
ontucht,bangladesh
ontucht,senegalezen
ontucht,afghaan
ontucht,nigeria
ontucht,syrier
ontucht,allochtoon
ontucht,syrie
ontucht,soedanees
ontucht,syrisch
ontucht,pakistaans
ontucht,irakezen
ontucht,soedanse
ontucht,pakistaan
ontucht,migranten
ontucht,afghaanse
ontucht,gambianen
ontucht,senegalees
ontucht,nigeriaan
ontucht,gambiaan
ontucht,senegal
ontucht,somalisch
ontucht,irak
ontucht,pakistan
ontucht,afghanistan
ontucht,pakistanen
ontucht,syriers
ontucht,migrant
ontucht,irakees
ontucht,gambia
ontucht,bengaal
ontucht,somaliers
ontucht,vluchtelingen
ontucht,immigrant
verkrachten,vluchteling
verkrachten,gambiaans
verkrachten,somalier
verkrachten,nigerianen
verkrachten,eritrea
verkrachten,immigranten
verkrachten,eritreeer
verkrachten,allochtonen
verkrachten,eritreeers
verkrachten,soedan
verkrachten,afghanen
verkrachten,bengalees
verkrachten,bangladesh
verkrachten,senegalezen
verkrachten,afghaan
verkrachten,nigeria
verkrachten,syrier
verkrachten,allochtoon
verkrachten,syrie
verkrachten,soedanees
verkrachten,syrisch
verkrachten,pakistaans
verkrachten,irakezen
verkrachten,soedanse
verkrachten,pakistaan
verkrachten,migranten
verkrachten,afghaanse
verkrachten,gambianen
verkrachten,senegalees
verkrachten,nigeriaan
verkrachten,gambiaan
verkrachten,senegal
verkrachten,somalisch
verkrachten,irak
verkrachten,pakistan
verkrachten,afghanistan
verkrachten,pakistanen
verkrachten,syriers
verkrachten,migrant
verkrachten,irakees
verkrachten,gambia
verkrachten,bengaal
verkrachten,somaliers
verkrachten,vluchtelingen
verkrachten,immigrant
verkrachtingszaak,vluchteling
verkrachtingszaak,gambiaans
verkrachtingszaak,somalier
verkrachtingszaak,nigerianen
verkrachtingszaak,eritrea
verkrachtingszaak,immigranten
verkrachtingszaak,eritreeer
verkrachtingszaak,allochtonen
verkrachtingszaak,eritreeers
verkrachtingszaak,soedan
verkrachtingszaak,afghanen
verkrachtingszaak,bengalees
verkrachtingszaak,bangladesh
verkrachtingszaak,senegalezen
verkrachtingszaak,afghaan
verkrachtingszaak,nigeria
verkrachtingszaak,syrier
verkrachtingszaak,allochtoon
verkrachtingszaak,syrie
verkrachtingszaak,soedanees
verkrachtingszaak,syrisch
verkrachtingszaak,pakistaans
verkrachtingszaak,irakezen
verkrachtingszaak,soedanse
verkrachtingszaak,pakistaan
verkrachtingszaak,migranten
verkrachtingszaak,afghaanse
verkrachtingszaak,gambianen
verkrachtingszaak,senegalees
verkrachtingszaak,nigeriaan
verkrachtingszaak,gambiaan
verkrachtingszaak,senegal
verkrachtingszaak,somalisch
verkrachtingszaak,irak
verkrachtingszaak,pakistan
verkrachtingszaak,afghanistan
verkrachtingszaak,pakistanen
verkrachtingszaak,syriers
verkrachtingszaak,migrant
verkrachtingszaak,irakees
verkrachtingszaak,gambia
verkrachtingszaak,bengaal
verkrachtingszaak,somaliers
verkrachtingszaak,vluchtelingen
verkrachtingszaak,immigrant
verkrachte,vluchteling
verkrachte,gambiaans
verkrachte,somalier
verkrachte,nigerianen
verkrachte,eritrea
verkrachte,immigranten
verkrachte,eritreeer
verkrachte,allochtonen
verkrachte,eritreeers
verkrachte,soedan
verkrachte,afghanen
verkrachte,bengalees
verkrachte,bangladesh
verkrachte,senegalezen
verkrachte,afghaan
verkrachte,nigeria
verkrachte,syrier
verkrachte,allochtoon
verkrachte,syrie
verkrachte,soedanees
verkrachte,syrisch
verkrachte,pakistaans
verkrachte,irakezen
verkrachte,soedanse
verkrachte,pakistaan
verkrachte,migranten
verkrachte,afghaanse
verkrachte,gambianen
verkrachte,senegalees
verkrachte,nigeriaan
verkrachte,gambiaan
verkrachte,senegal
verkrachte,somalisch
verkrachte,irak
verkrachte,pakistan
verkrachte,afghanistan
verkrachte,pakistanen
verkrachte,syriers
verkrachte,migrant
verkrachte,irakees
verkrachte,gambia
verkrachte,bengaal
verkrachte,somaliers
verkrachte,vluchtelingen
verkrachte,immigrant
vrouwenhandel,vluchteling
vrouwenhandel,gambiaans
vrouwenhandel,somalier
vrouwenhandel,nigerianen
vrouwenhandel,eritrea
vrouwenhandel,immigranten
vrouwenhandel,eritreeer
vrouwenhandel,allochtonen
vrouwenhandel,eritreeers
vrouwenhandel,soedan
vrouwenhandel,afghanen
vrouwenhandel,bengalees
vrouwenhandel,bangladesh
vrouwenhandel,senegalezen
vrouwenhandel,afghaan
vrouwenhandel,nigeria
vrouwenhandel,syrier
vrouwenhandel,allochtoon
vrouwenhandel,syrie
vrouwenhandel,soedanees
vrouwenhandel,syrisch
vrouwenhandel,pakistaans
vrouwenhandel,irakezen
vrouwenhandel,soedanse
vrouwenhandel,pakistaan
vrouwenhandel,migranten
vrouwenhandel,afghaanse
vrouwenhandel,gambianen
vrouwenhandel,senegalees
vrouwenhandel,nigeriaan
vrouwenhandel,gambiaan
vrouwenhandel,senegal
vrouwenhandel,somalisch
vrouwenhandel,irak
vrouwenhandel,pakistan
vrouwenhandel,afghanistan
vrouwenhandel,pakistanen
vrouwenhandel,syriers
vrouwenhandel,migrant
vrouwenhandel,irakees
vrouwenhandel,gambia
vrouwenhandel,bengaal
vrouwenhandel,somaliers
vrouwenhandel,vluchtelingen
vrouwenhandel,immigrant
zedendelict,vluchteling
zedendelict,gambiaans
zedendelict,somalier
zedendelict,nigerianen
zedendelict,eritrea
zedendelict,immigranten
zedendelict,eritreeer
zedendelict,allochtonen
zedendelict,eritreeers
zedendelict,soedan
zedendelict,afghanen
zedendelict,bengalees
zedendelict,bangladesh
zedendelict,senegalezen
zedendelict,afghaan
zedendelict,nigeria
zedendelict,syrier
zedendelict,allochtoon
zedendelict,syrie
zedendelict,soedanees
zedendelict,syrisch
zedendelict,pakistaans
zedendelict,irakezen
zedendelict,soedanse
zedendelict,pakistaan
zedendelict,migranten
zedendelict,afghaanse
zedendelict,gambianen
zedendelict,senegalees
zedendelict,nigeriaan
zedendelict,gambiaan
zedendelict,senegal
zedendelict,somalisch
zedendelict,irak
zedendelict,pakistan
zedendelict,afghanistan
zedendelict,pakistanen
zedendelict,syriers
zedendelict,migrant
zedendelict,irakees
zedendelict,gambia
zedendelict,bengaal
zedendelict,somaliers
zedendelict,vluchtelingen
zedendelict,immigrant
seksueel_geweld,vluchteling
seksueel_geweld,gambiaans
seksueel_geweld,somalier
seksueel_geweld,nigerianen
seksueel_geweld,eritrea
seksueel_geweld,immigranten
seksueel_geweld,eritreeer
seksueel_geweld,allochtonen
seksueel_geweld,eritreeers
seksueel_geweld,soedan
seksueel_geweld,afghanen
seksueel_geweld,bengalees
seksueel_geweld,bangladesh
seksueel_geweld,senegalezen
seksueel_geweld,afghaan
seksueel_geweld,nigeria
seksueel_geweld,syrier
seksueel_geweld,allochtoon
seksueel_geweld,syrie
seksueel_geweld,soedanees
seksueel_geweld,syrisch
seksueel_geweld,pakistaans
seksueel_geweld,irakezen
seksueel_geweld,soedanse
seksueel_geweld,pakistaan
seksueel_geweld,migranten
seksueel_geweld,afghaanse
seksueel_geweld,gambianen
seksueel_geweld,senegalees
seksueel_geweld,nigeriaan
seksueel_geweld,gambiaan
seksueel_geweld,senegal
seksueel_geweld,somalisch
seksueel_geweld,irak
seksueel_geweld,pakistan
seksueel_geweld,afghanistan
seksueel_geweld,pakistanen
seksueel_geweld,syriers
seksueel_geweld,migrant
seksueel_geweld,irakees
seksueel_geweld,gambia
seksueel_geweld,bengaal
seksueel_geweld,somaliers
seksueel_geweld,vluchtelingen
seksueel_geweld,immigrant
verkracht,vluchteling
verkracht,gambiaans
verkracht,somalier
verkracht,nigerianen
verkracht,eritrea
verkracht,immigranten
verkracht,eritreeer
verkracht,allochtonen
verkracht,eritreeers
verkracht,soedan
verkracht,afghanen
verkracht,bengalees
verkracht,bangladesh
verkracht,senegalezen
verkracht,afghaan
verkracht,nigeria
verkracht,syrier
verkracht,allochtoon
verkracht,syrie
verkracht,soedanees
verkracht,syrisch
verkracht,pakistaans
verkracht,irakezen
verkracht,soedanse
verkracht,pakistaan
verkracht,migranten
verkracht,afghaanse
verkracht,gambianen
verkracht,senegalees
verkracht,nigeriaan
verkracht,gambiaan
verkracht,senegal
verkracht,somalisch
verkracht,irak
verkracht,pakistan
verkracht,afghanistan
verkracht,pakistanen
verkracht,syriers
verkracht,migrant
verkracht,irakees
verkracht,gambia
verkracht,bengaal
verkracht,somaliers
verkracht,vluchtelingen
verkracht,immigrant
incest,vluchteling
incest,gambiaans
incest,somalier
incest,nigerianen
incest,eritrea
incest,immigranten
incest,eritreeer
incest,allochtonen
incest,eritreeers
incest,soedan
incest,afghanen
incest,bengalees
incest,bangladesh
incest,senegalezen
incest,afghaan
incest,nigeria
incest,syrier
incest,allochtoon
incest,syrie
incest,soedanees
incest,syrisch
incest,pakistaans
incest,irakezen
incest,soedanse
incest,pakistaan
incest,migranten
incest,afghaanse
incest,gambianen
incest,senegalees
incest,nigeriaan
incest,gambiaan
incest,senegal
incest,somalisch
incest,irak
incest,pakistan
incest,afghanistan
incest,pakistanen
incest,syriers
incest,migrant
incest,irakees
incest,gambia
incest,bengaal
incest,somaliers
incest,vluchtelingen
incest,immigrant
pedofilie,vluchteling
pedofilie,gambiaans
pedofilie,somalier
pedofilie,nigerianen
pedofilie,eritrea
pedofilie,immigranten
pedofilie,eritreeer
pedofilie,allochtonen
pedofilie,eritreeers
pedofilie,soedan
pedofilie,afghanen
pedofilie,bengalees
pedofilie,bangladesh
pedofilie,senegalezen
pedofilie,afghaan
pedofilie,nigeria
pedofilie,syrier
pedofilie,allochtoon
pedofilie,syrie
pedofilie,soedanees
pedofilie,syrisch
pedofilie,pakistaans
pedofilie,irakezen
pedofilie,soedanse
pedofilie,pakistaan
pedofilie,migranten
pedofilie,afghaanse
pedofilie,gambianen
pedofilie,senegalees
pedofilie,nigeriaan
pedofilie,gambiaan
pedofilie,senegal
pedofilie,somalisch
pedofilie,irak
pedofilie,pakistan
pedofilie,afghanistan
pedofilie,pakistanen
pedofilie,syriers
pedofilie,migrant
pedofilie,irakees
pedofilie,gambia
pedofilie,bengaal
pedofilie,somaliers
pedofilie,vluchtelingen
pedofilie,immigrant
gedwongen_prostitutie,vluchteling
gedwongen_prostitutie,gambiaans
gedwongen_prostitutie,somalier
gedwongen_prostitutie,nigerianen
gedwongen_prostitutie,eritrea
gedwongen_prostitutie,immigranten
gedwongen_prostitutie,eritreeer
gedwongen_prostitutie,allochtonen
gedwongen_prostitutie,eritreeers
gedwongen_prostitutie,soedan
gedwongen_prostitutie,afghanen
gedwongen_prostitutie,bengalees
gedwongen_prostitutie,bangladesh
gedwongen_prostitutie,senegalezen
gedwongen_prostitutie,afghaan
gedwongen_prostitutie,nigeria
gedwongen_prostitutie,syrier
gedwongen_prostitutie,allochtoon
gedwongen_prostitutie,syrie
gedwongen_prostitutie,soedanees
gedwongen_prostitutie,syrisch
gedwongen_prostitutie,pakistaans
gedwongen_prostitutie,irakezen
gedwongen_prostitutie,soedanse
gedwongen_prostitutie,pakistaan
gedwongen_prostitutie,migranten
gedwongen_prostitutie,afghaanse
gedwongen_prostitutie,gambianen
gedwongen_prostitutie,senegalees
gedwongen_prostitutie,nigeriaan
gedwongen_prostitutie,gambiaan
gedwongen_prostitutie,senegal
gedwongen_prostitutie,somalisch
gedwongen_prostitutie,irak
gedwongen_prostitutie,pakistan
gedwongen_prostitutie,afghanistan
gedwongen_prostitutie,pakistanen
gedwongen_prostitutie,syriers
gedwongen_prostitutie,migrant
gedwongen_prostitutie,irakees
gedwongen_prostitutie,gambia
gedwongen_prostitutie,bengaal
gedwongen_prostitutie,somaliers
gedwongen_prostitutie,vluchtelingen
gedwongen_prostitutie,immigrant
zedenmisdrijven,vluchteling
zedenmisdrijven,gambiaans
zedenmisdrijven,somalier
zedenmisdrijven,nigerianen
zedenmisdrijven,eritrea
zedenmisdrijven,immigranten
zedenmisdrijven,eritreeer
zedenmisdrijven,allochtonen
zedenmisdrijven,eritreeers
zedenmisdrijven,soedan
zedenmisdrijven,afghanen
zedenmisdrijven,bengalees
zedenmisdrijven,bangladesh
zedenmisdrijven,senegalezen
zedenmisdrijven,afghaan
zedenmisdrijven,nigeria
zedenmisdrijven,syrier
zedenmisdrijven,allochtoon
zedenmisdrijven,syrie
zedenmisdrijven,soedanees
zedenmisdrijven,syrisch
zedenmisdrijven,pakistaans
zedenmisdrijven,irakezen
zedenmisdrijven,soedanse
zedenmisdrijven,pakistaan
zedenmisdrijven,migranten
zedenmisdrijven,afghaanse
zedenmisdrijven,gambianen
zedenmisdrijven,senegalees
zedenmisdrijven,nigeriaan
zedenmisdrijven,gambiaan
zedenmisdrijven,senegal
zedenmisdrijven,somalisch
zedenmisdrijven,irak
zedenmisdrijven,pakistan
zedenmisdrijven,afghanistan
zedenmisdrijven,pakistanen
zedenmisdrijven,syriers
zedenmisdrijven,migrant
zedenmisdrijven,irakees
zedenmisdrijven,gambia
zedenmisdrijven,bengaal
zedenmisdrijven,somaliers
zedenmisdrijven,vluchtelingen
zedenmisdrijven,immigrant
aanranding,vluchteling
aanranding,gambiaans
aanranding,somalier
aanranding,nigerianen
aanranding,eritrea
aanranding,immigranten
aanranding,eritreeer
aanranding,allochtonen
aanranding,eritreeers
aanranding,soedan
aanranding,afghanen
aanranding,bengalees
aanranding,bangladesh
aanranding,senegalezen
aanranding,afghaan
aanranding,nigeria
aanranding,syrier
aanranding,allochtoon
aanranding,syrie
aanranding,soedanees
aanranding,syrisch
aanranding,pakistaans
aanranding,irakezen
aanranding,soedanse
aanranding,pakistaan
aanranding,migranten
aanranding,afghaanse
aanranding,gambianen
aanranding,senegalees
aanranding,nigeriaan
aanranding,gambiaan
aanranding,senegal
aanranding,somalisch
aanranding,irak
aanranding,pakistan
aanranding,afghanistan
aanranding,pakistanen
aanranding,syriers
aanranding,migrant
aanranding,irakees
aanranding,gambia
aanranding,bengaal
aanranding,somaliers
aanranding,vluchtelingen
aanranding,immigrant
aanrandingen,vluchteling
aanrandingen,gambiaans
aanrandingen,somalier
aanrandingen,nigerianen
aanrandingen,eritrea
aanrandingen,immigranten
aanrandingen,eritreeer
aanrandingen,allochtonen
aanrandingen,eritreeers
aanrandingen,soedan
aanrandingen,afghanen
aanrandingen,bengalees
aanrandingen,bangladesh
aanrandingen,senegalezen
aanrandingen,afghaan
aanrandingen,nigeria
aanrandingen,syrier
aanrandingen,allochtoon
aanrandingen,syrie
aanrandingen,soedanees
aanrandingen,syrisch
aanrandingen,pakistaans
aanrandingen,irakezen
aanrandingen,soedanse
aanrandingen,pakistaan
aanrandingen,migranten
aanrandingen,afghaanse
aanrandingen,gambianen
aanrandingen,senegalees
aanrandingen,nigeriaan
aanrandingen,gambiaan
aanrandingen,senegal
aanrandingen,somalisch
aanrandingen,irak
aanrandingen,pakistan
aanrandingen,afghanistan
aanrandingen,pakistanen
aanrandingen,syriers
aanrandingen,migrant
aanrandingen,irakees
aanrandingen,gambia
aanrandingen,bengaal
aanrandingen,somaliers
aanrandingen,vluchtelingen
aanrandingen,immigrant
zedenmisdrijf,vluchteling
zedenmisdrijf,gambiaans
zedenmisdrijf,somalier
zedenmisdrijf,nigerianen
zedenmisdrijf,eritrea
zedenmisdrijf,immigranten
zedenmisdrijf,eritreeer
zedenmisdrijf,allochtonen
zedenmisdrijf,eritreeers
zedenmisdrijf,soedan
zedenmisdrijf,afghanen
zedenmisdrijf,bengalees
zedenmisdrijf,bangladesh
zedenmisdrijf,senegalezen
zedenmisdrijf,afghaan
zedenmisdrijf,nigeria
zedenmisdrijf,syrier
zedenmisdrijf,allochtoon
zedenmisdrijf,syrie
zedenmisdrijf,soedanees
zedenmisdrijf,syrisch
zedenmisdrijf,pakistaans
zedenmisdrijf,irakezen
zedenmisdrijf,soedanse
zedenmisdrijf,pakistaan
zedenmisdrijf,migranten
zedenmisdrijf,afghaanse
zedenmisdrijf,gambianen
zedenmisdrijf,senegalees
zedenmisdrijf,nigeriaan
zedenmisdrijf,gambiaan
zedenmisdrijf,senegal
zedenmisdrijf,somalisch
zedenmisdrijf,irak
zedenmisdrijf,pakistan
zedenmisdrijf,afghanistan
zedenmisdrijf,pakistanen
zedenmisdrijf,syriers
zedenmisdrijf,migrant
zedenmisdrijf,irakees
zedenmisdrijf,gambia
zedenmisdrijf,bengaal
zedenmisdrijf,somaliers
zedenmisdrijf,vluchtelingen
zedenmisdrijf,immigrant
verkrachtingen,vluchteling
verkrachtingen,gambiaans
verkrachtingen,somalier
verkrachtingen,nigerianen
verkrachtingen,eritrea
verkrachtingen,immigranten
verkrachtingen,eritreeer
verkrachtingen,allochtonen
verkrachtingen,eritreeers
verkrachtingen,soedan
verkrachtingen,afghanen
verkrachtingen,bengalees
verkrachtingen,bangladesh
verkrachtingen,senegalezen
verkrachtingen,afghaan
verkrachtingen,nigeria
verkrachtingen,syrier
verkrachtingen,allochtoon
verkrachtingen,syrie
verkrachtingen,soedanees
verkrachtingen,syrisch
verkrachtingen,pakistaans
verkrachtingen,irakezen
verkrachtingen,soedanse
verkrachtingen,pakistaan
verkrachtingen,migranten
verkrachtingen,afghaanse
verkrachtingen,gambianen
verkrachtingen,senegalees
verkrachtingen,nigeriaan
verkrachtingen,gambiaan
verkrachtingen,senegal
verkrachtingen,somalisch
verkrachtingen,irak
verkrachtingen,pakistan
verkrachtingen,afghanistan
verkrachtingen,pakistanen
verkrachtingen,syriers
verkrachtingen,migrant
verkrachtingen,irakees
verkrachtingen,gambia
verkrachtingen,bengaal
verkrachtingen,somaliers
verkrachtingen,vluchtelingen
verkrachtingen,immigrant
seksuele_intimidatie,vluchteling
seksuele_intimidatie,gambiaans
seksuele_intimidatie,somalier
seksuele_intimidatie,nigerianen
seksuele_intimidatie,eritrea
seksuele_intimidatie,immigranten
seksuele_intimidatie,eritreeer
seksuele_intimidatie,allochtonen
seksuele_intimidatie,eritreeers
seksuele_intimidatie,soedan
seksuele_intimidatie,afghanen
seksuele_intimidatie,bengalees
seksuele_intimidatie,bangladesh
seksuele_intimidatie,senegalezen
seksuele_intimidatie,afghaan
seksuele_intimidatie,nigeria
seksuele_intimidatie,syrier
seksuele_intimidatie,allochtoon
seksuele_intimidatie,syrie
seksuele_intimidatie,soedanees
seksuele_intimidatie,syrisch
seksuele_intimidatie,pakistaans
seksuele_intimidatie,irakezen
seksuele_intimidatie,soedanse
seksuele_intimidatie,pakistaan
seksuele_intimidatie,migranten
seksuele_intimidatie,afghaanse
seksuele_intimidatie,gambianen
seksuele_intimidatie,senegalees
seksuele_intimidatie,nigeriaan
seksuele_intimidatie,gambiaan
seksuele_intimidatie,senegal
seksuele_intimidatie,somalisch
seksuele_intimidatie,irak
seksuele_intimidatie,pakistan
seksuele_intimidatie,afghanistan
seksuele_intimidatie,pakistanen
seksuele_intimidatie,syriers
seksuele_intimidatie,migrant
seksuele_intimidatie,irakees
seksuele_intimidatie,gambia
seksuele_intimidatie,bengaal
seksuele_intimidatie,somaliers
seksuele_intimidatie,vluchtelingen
seksuele_intimidatie,immigrant
groepsverkrachting,vluchteling
groepsverkrachting,gambiaans
groepsverkrachting,somalier
groepsverkrachting,nigerianen
groepsverkrachting,eritrea
groepsverkrachting,immigranten
groepsverkrachting,eritreeer
groepsverkrachting,allochtonen
groepsverkrachting,eritreeers
groepsverkrachting,soedan
groepsverkrachting,afghanen
groepsverkrachting,bengalees
groepsverkrachting,bangladesh
groepsverkrachting,senegalezen
groepsverkrachting,afghaan
groepsverkrachting,nigeria
groepsverkrachting,syrier
groepsverkrachting,allochtoon
groepsverkrachting,syrie
groepsverkrachting,soedanees
groepsverkrachting,syrisch
groepsverkrachting,pakistaans
groepsverkrachting,irakezen
groepsverkrachting,soedanse
groepsverkrachting,pakistaan
groepsverkrachting,migranten
groepsverkrachting,afghaanse
groepsverkrachting,gambianen
groepsverkrachting,senegalees
groepsverkrachting,nigeriaan
groepsverkrachting,gambiaan
groepsverkrachting,senegal
groepsverkrachting,somalisch
groepsverkrachting,irak
groepsverkrachting,pakistan
groepsverkrachting,afghanistan
groepsverkrachting,pakistanen
groepsverkrachting,syriers
groepsverkrachting,migrant
groepsverkrachting,irakees
groepsverkrachting,gambia
groepsverkrachting,bengaal
groepsverkrachting,somaliers
groepsverkrachting,vluchtelingen
groepsverkrachting,immigrant
handtastelijkheden,vluchteling
handtastelijkheden,gambiaans
handtastelijkheden,somalier
handtastelijkheden,nigerianen
handtastelijkheden,eritrea
handtastelijkheden,immigranten
handtastelijkheden,eritreeer
handtastelijkheden,allochtonen
handtastelijkheden,eritreeers
handtastelijkheden,soedan
handtastelijkheden,afghanen
handtastelijkheden,bengalees
handtastelijkheden,bangladesh
handtastelijkheden,senegalezen
handtastelijkheden,afghaan
handtastelijkheden,nigeria
handtastelijkheden,syrier
handtastelijkheden,allochtoon
handtastelijkheden,syrie
handtastelijkheden,soedanees
handtastelijkheden,syrisch
handtastelijkheden,pakistaans
handtastelijkheden,irakezen
handtastelijkheden,soedanse
handtastelijkheden,pakistaan
handtastelijkheden,migranten
handtastelijkheden,afghaanse
handtastelijkheden,gambianen
handtastelijkheden,senegalees
handtastelijkheden,nigeriaan
handtastelijkheden,gambiaan
handtastelijkheden,senegal
handtastelijkheden,somalisch
handtastelijkheden,irak
handtastelijkheden,pakistan
handtastelijkheden,afghanistan
handtastelijkheden,pakistanen
handtastelijkheden,syriers
handtastelijkheden,migrant
handtastelijkheden,irakees
handtastelijkheden,gambia
handtastelijkheden,bengaal
handtastelijkheden,somaliers
handtastelijkheden,vluchtelingen
handtastelijkheden,immigrant
seksueel_misbruik,vluchteling
seksueel_misbruik,gambiaans
seksueel_misbruik,somalier
seksueel_misbruik,nigerianen
seksueel_misbruik,eritrea
seksueel_misbruik,immigranten
seksueel_misbruik,eritreeer
seksueel_misbruik,allochtonen
seksueel_misbruik,eritreeers
seksueel_misbruik,soedan
seksueel_misbruik,afghanen
seksueel_misbruik,bengalees
seksueel_misbruik,bangladesh
seksueel_misbruik,senegalezen
seksueel_misbruik,afghaan
seksueel_misbruik,nigeria
seksueel_misbruik,syrier
seksueel_misbruik,allochtoon
seksueel_misbruik,syrie
seksueel_misbruik,soedanees
seksueel_misbruik,syrisch
seksueel_misbruik,pakistaans
seksueel_misbruik,irakezen
seksueel_misbruik,soedanse
seksueel_misbruik,pakistaan
seksueel_misbruik,migranten
seksueel_misbruik,afghaanse
seksueel_misbruik,gambianen
seksueel_misbruik,senegalees
seksueel_misbruik,nigeriaan
seksueel_misbruik,gambiaan
seksueel_misbruik,senegal
seksueel_misbruik,somalisch
seksueel_misbruik,irak
seksueel_misbruik,pakistan
seksueel_misbruik,afghanistan
seksueel_misbruik,pakistanen
seksueel_misbruik,syriers
seksueel_misbruik,migrant
seksueel_misbruik,irakees
seksueel_misbruik,gambia
seksueel_misbruik,bengaal
seksueel_misbruik,somaliers
seksueel_misbruik,vluchtelingen
seksueel_misbruik,immigrant
groepsverkrachtingen,vluchteling
groepsverkrachtingen,gambiaans
groepsverkrachtingen,somalier
groepsverkrachtingen,nigerianen
groepsverkrachtingen,eritrea
groepsverkrachtingen,immigranten
groepsverkrachtingen,eritreeer
groepsverkrachtingen,allochtonen
groepsverkrachtingen,eritreeers
groepsverkrachtingen,soedan
groepsverkrachtingen,afghanen
groepsverkrachtingen,bengalees
groepsverkrachtingen,bangladesh
groepsverkrachtingen,senegalezen
groepsverkrachtingen,afghaan
groepsverkrachtingen,nigeria
groepsverkrachtingen,syrier
groepsverkrachtingen,allochtoon
groepsverkrachtingen,syrie
groepsverkrachtingen,soedanees
groepsverkrachtingen,syrisch
groepsverkrachtingen,pakistaans
groepsverkrachtingen,irakezen
groepsverkrachtingen,soedanse
groepsverkrachtingen,pakistaan
groepsverkrachtingen,migranten
groepsverkrachtingen,afghaanse
groepsverkrachtingen,gambianen
groepsverkrachtingen,senegalees
groepsverkrachtingen,nigeriaan
groepsverkrachtingen,gambiaan
groepsverkrachtingen,senegal
groepsverkrachtingen,somalisch
groepsverkrachtingen,irak
groepsverkrachtingen,pakistan
groepsverkrachtingen,afghanistan
groepsverkrachtingen,pakistanen
groepsverkrachtingen,syriers
groepsverkrachtingen,migrant
groepsverkrachtingen,irakees
groepsverkrachtingen,gambia
groepsverkrachtingen,bengaal
groepsverkrachtingen,somaliers
groepsverkrachtingen,vluchtelingen
groepsverkrachtingen,immigrant
