ontucht,samir
ontucht,ahmed
ontucht,munir
ontucht,youssef
ontucht,driss
ontucht,jamal
ontucht,rashid
ontucht,tarik
ontucht,mohammed
ontucht,hamza
ontucht,ali
ontucht,said
ontucht,kamal
ontucht,murad
ontucht,naima
ontucht,adil
ontucht,omar
verkrachten,samir
verkrachten,ahmed
verkrachten,munir
verkrachten,youssef
verkrachten,driss
verkrachten,jamal
verkrachten,rashid
verkrachten,tarik
verkrachten,mohammed
verkrachten,hamza
verkrachten,ali
verkrachten,said
verkrachten,kamal
verkrachten,murad
verkrachten,naima
verkrachten,adil
verkrachten,omar
verkrachtingszaak,samir
verkrachtingszaak,ahmed
verkrachtingszaak,munir
verkrachtingszaak,youssef
verkrachtingszaak,driss
verkrachtingszaak,jamal
verkrachtingszaak,rashid
verkrachtingszaak,tarik
verkrachtingszaak,mohammed
verkrachtingszaak,hamza
verkrachtingszaak,ali
verkrachtingszaak,said
verkrachtingszaak,kamal
verkrachtingszaak,murad
verkrachtingszaak,naima
verkrachtingszaak,adil
verkrachtingszaak,omar
verkrachte,samir
verkrachte,ahmed
verkrachte,munir
verkrachte,youssef
verkrachte,driss
verkrachte,jamal
verkrachte,rashid
verkrachte,tarik
verkrachte,mohammed
verkrachte,hamza
verkrachte,ali
verkrachte,said
verkrachte,kamal
verkrachte,murad
verkrachte,naima
verkrachte,adil
verkrachte,omar
vrouwenhandel,samir
vrouwenhandel,ahmed
vrouwenhandel,munir
vrouwenhandel,youssef
vrouwenhandel,driss
vrouwenhandel,jamal
vrouwenhandel,rashid
vrouwenhandel,tarik
vrouwenhandel,mohammed
vrouwenhandel,hamza
vrouwenhandel,ali
vrouwenhandel,said
vrouwenhandel,kamal
vrouwenhandel,murad
vrouwenhandel,naima
vrouwenhandel,adil
vrouwenhandel,omar
zedendelict,samir
zedendelict,ahmed
zedendelict,munir
zedendelict,youssef
zedendelict,driss
zedendelict,jamal
zedendelict,rashid
zedendelict,tarik
zedendelict,mohammed
zedendelict,hamza
zedendelict,ali
zedendelict,said
zedendelict,kamal
zedendelict,murad
zedendelict,naima
zedendelict,adil
zedendelict,omar
seksueel_geweld,samir
seksueel_geweld,ahmed
seksueel_geweld,munir
seksueel_geweld,youssef
seksueel_geweld,driss
seksueel_geweld,jamal
seksueel_geweld,rashid
seksueel_geweld,tarik
seksueel_geweld,mohammed
seksueel_geweld,hamza
seksueel_geweld,ali
seksueel_geweld,said
seksueel_geweld,kamal
seksueel_geweld,murad
seksueel_geweld,naima
seksueel_geweld,adil
seksueel_geweld,omar
verkracht,samir
verkracht,ahmed
verkracht,munir
verkracht,youssef
verkracht,driss
verkracht,jamal
verkracht,rashid
verkracht,tarik
verkracht,mohammed
verkracht,hamza
verkracht,ali
verkracht,said
verkracht,kamal
verkracht,murad
verkracht,naima
verkracht,adil
verkracht,omar
incest,samir
incest,ahmed
incest,munir
incest,youssef
incest,driss
incest,jamal
incest,rashid
incest,tarik
incest,mohammed
incest,hamza
incest,ali
incest,said
incest,kamal
incest,murad
incest,naima
incest,adil
incest,omar
pedofilie,samir
pedofilie,ahmed
pedofilie,munir
pedofilie,youssef
pedofilie,driss
pedofilie,jamal
pedofilie,rashid
pedofilie,tarik
pedofilie,mohammed
pedofilie,hamza
pedofilie,ali
pedofilie,said
pedofilie,kamal
pedofilie,murad
pedofilie,naima
pedofilie,adil
pedofilie,omar
gedwongen_prostitutie,samir
gedwongen_prostitutie,ahmed
gedwongen_prostitutie,munir
gedwongen_prostitutie,youssef
gedwongen_prostitutie,driss
gedwongen_prostitutie,jamal
gedwongen_prostitutie,rashid
gedwongen_prostitutie,tarik
gedwongen_prostitutie,mohammed
gedwongen_prostitutie,hamza
gedwongen_prostitutie,ali
gedwongen_prostitutie,said
gedwongen_prostitutie,kamal
gedwongen_prostitutie,murad
gedwongen_prostitutie,naima
gedwongen_prostitutie,adil
gedwongen_prostitutie,omar
zedenmisdrijven,samir
zedenmisdrijven,ahmed
zedenmisdrijven,munir
zedenmisdrijven,youssef
zedenmisdrijven,driss
zedenmisdrijven,jamal
zedenmisdrijven,rashid
zedenmisdrijven,tarik
zedenmisdrijven,mohammed
zedenmisdrijven,hamza
zedenmisdrijven,ali
zedenmisdrijven,said
zedenmisdrijven,kamal
zedenmisdrijven,murad
zedenmisdrijven,naima
zedenmisdrijven,adil
zedenmisdrijven,omar
aanranding,samir
aanranding,ahmed
aanranding,munir
aanranding,youssef
aanranding,driss
aanranding,jamal
aanranding,rashid
aanranding,tarik
aanranding,mohammed
aanranding,hamza
aanranding,ali
aanranding,said
aanranding,kamal
aanranding,murad
aanranding,naima
aanranding,adil
aanranding,omar
aanrandingen,samir
aanrandingen,ahmed
aanrandingen,munir
aanrandingen,youssef
aanrandingen,driss
aanrandingen,jamal
aanrandingen,rashid
aanrandingen,tarik
aanrandingen,mohammed
aanrandingen,hamza
aanrandingen,ali
aanrandingen,said
aanrandingen,kamal
aanrandingen,murad
aanrandingen,naima
aanrandingen,adil
aanrandingen,omar
zedenmisdrijf,samir
zedenmisdrijf,ahmed
zedenmisdrijf,munir
zedenmisdrijf,youssef
zedenmisdrijf,driss
zedenmisdrijf,jamal
zedenmisdrijf,rashid
zedenmisdrijf,tarik
zedenmisdrijf,mohammed
zedenmisdrijf,hamza
zedenmisdrijf,ali
zedenmisdrijf,said
zedenmisdrijf,kamal
zedenmisdrijf,murad
zedenmisdrijf,naima
zedenmisdrijf,adil
zedenmisdrijf,omar
verkrachtingen,samir
verkrachtingen,ahmed
verkrachtingen,munir
verkrachtingen,youssef
verkrachtingen,driss
verkrachtingen,jamal
verkrachtingen,rashid
verkrachtingen,tarik
verkrachtingen,mohammed
verkrachtingen,hamza
verkrachtingen,ali
verkrachtingen,said
verkrachtingen,kamal
verkrachtingen,murad
verkrachtingen,naima
verkrachtingen,adil
verkrachtingen,omar
seksuele_intimidatie,samir
seksuele_intimidatie,ahmed
seksuele_intimidatie,munir
seksuele_intimidatie,youssef
seksuele_intimidatie,driss
seksuele_intimidatie,jamal
seksuele_intimidatie,rashid
seksuele_intimidatie,tarik
seksuele_intimidatie,mohammed
seksuele_intimidatie,hamza
seksuele_intimidatie,ali
seksuele_intimidatie,said
seksuele_intimidatie,kamal
seksuele_intimidatie,murad
seksuele_intimidatie,naima
seksuele_intimidatie,adil
seksuele_intimidatie,omar
groepsverkrachting,samir
groepsverkrachting,ahmed
groepsverkrachting,munir
groepsverkrachting,youssef
groepsverkrachting,driss
groepsverkrachting,jamal
groepsverkrachting,rashid
groepsverkrachting,tarik
groepsverkrachting,mohammed
groepsverkrachting,hamza
groepsverkrachting,ali
groepsverkrachting,said
groepsverkrachting,kamal
groepsverkrachting,murad
groepsverkrachting,naima
groepsverkrachting,adil
groepsverkrachting,omar
handtastelijkheden,samir
handtastelijkheden,ahmed
handtastelijkheden,munir
handtastelijkheden,youssef
handtastelijkheden,driss
handtastelijkheden,jamal
handtastelijkheden,rashid
handtastelijkheden,tarik
handtastelijkheden,mohammed
handtastelijkheden,hamza
handtastelijkheden,ali
handtastelijkheden,said
handtastelijkheden,kamal
handtastelijkheden,murad
handtastelijkheden,naima
handtastelijkheden,adil
handtastelijkheden,omar
seksueel_misbruik,samir
seksueel_misbruik,ahmed
seksueel_misbruik,munir
seksueel_misbruik,youssef
seksueel_misbruik,driss
seksueel_misbruik,jamal
seksueel_misbruik,rashid
seksueel_misbruik,tarik
seksueel_misbruik,mohammed
seksueel_misbruik,hamza
seksueel_misbruik,ali
seksueel_misbruik,said
seksueel_misbruik,kamal
seksueel_misbruik,murad
seksueel_misbruik,naima
seksueel_misbruik,adil
seksueel_misbruik,omar
groepsverkrachtingen,samir
groepsverkrachtingen,ahmed
groepsverkrachtingen,munir
groepsverkrachtingen,youssef
groepsverkrachtingen,driss
groepsverkrachtingen,jamal
groepsverkrachtingen,rashid
groepsverkrachtingen,tarik
groepsverkrachtingen,mohammed
groepsverkrachtingen,hamza
groepsverkrachtingen,ali
groepsverkrachtingen,said
groepsverkrachtingen,kamal
groepsverkrachtingen,murad
groepsverkrachtingen,naima
groepsverkrachtingen,adil
groepsverkrachtingen,omar
