ontucht,teun
ontucht,sander
ontucht,bob
ontucht,joost
ontucht,maarten
ontucht,matthijs
ontucht,bas
ontucht,roel
ontucht,joris
ontucht,jeroen
ontucht,daan
ontucht,lucas
ontucht,thijs
ontucht,remco
ontucht,wouter
ontucht,thomas
ontucht,michiel
ontucht,bram
verkrachten,teun
verkrachten,sander
verkrachten,bob
verkrachten,joost
verkrachten,maarten
verkrachten,matthijs
verkrachten,bas
verkrachten,roel
verkrachten,joris
verkrachten,jeroen
verkrachten,daan
verkrachten,lucas
verkrachten,thijs
verkrachten,remco
verkrachten,wouter
verkrachten,thomas
verkrachten,michiel
verkrachten,bram
verkrachtingszaak,teun
verkrachtingszaak,sander
verkrachtingszaak,bob
verkrachtingszaak,joost
verkrachtingszaak,maarten
verkrachtingszaak,matthijs
verkrachtingszaak,bas
verkrachtingszaak,roel
verkrachtingszaak,joris
verkrachtingszaak,jeroen
verkrachtingszaak,daan
verkrachtingszaak,lucas
verkrachtingszaak,thijs
verkrachtingszaak,remco
verkrachtingszaak,wouter
verkrachtingszaak,thomas
verkrachtingszaak,michiel
verkrachtingszaak,bram
verkrachte,teun
verkrachte,sander
verkrachte,bob
verkrachte,joost
verkrachte,maarten
verkrachte,matthijs
verkrachte,bas
verkrachte,roel
verkrachte,joris
verkrachte,jeroen
verkrachte,daan
verkrachte,lucas
verkrachte,thijs
verkrachte,remco
verkrachte,wouter
verkrachte,thomas
verkrachte,michiel
verkrachte,bram
vrouwenhandel,teun
vrouwenhandel,sander
vrouwenhandel,bob
vrouwenhandel,joost
vrouwenhandel,maarten
vrouwenhandel,matthijs
vrouwenhandel,bas
vrouwenhandel,roel
vrouwenhandel,joris
vrouwenhandel,jeroen
vrouwenhandel,daan
vrouwenhandel,lucas
vrouwenhandel,thijs
vrouwenhandel,remco
vrouwenhandel,wouter
vrouwenhandel,thomas
vrouwenhandel,michiel
vrouwenhandel,bram
zedendelict,teun
zedendelict,sander
zedendelict,bob
zedendelict,joost
zedendelict,maarten
zedendelict,matthijs
zedendelict,bas
zedendelict,roel
zedendelict,joris
zedendelict,jeroen
zedendelict,daan
zedendelict,lucas
zedendelict,thijs
zedendelict,remco
zedendelict,wouter
zedendelict,thomas
zedendelict,michiel
zedendelict,bram
seksueel_geweld,teun
seksueel_geweld,sander
seksueel_geweld,bob
seksueel_geweld,joost
seksueel_geweld,maarten
seksueel_geweld,matthijs
seksueel_geweld,bas
seksueel_geweld,roel
seksueel_geweld,joris
seksueel_geweld,jeroen
seksueel_geweld,daan
seksueel_geweld,lucas
seksueel_geweld,thijs
seksueel_geweld,remco
seksueel_geweld,wouter
seksueel_geweld,thomas
seksueel_geweld,michiel
seksueel_geweld,bram
verkracht,teun
verkracht,sander
verkracht,bob
verkracht,joost
verkracht,maarten
verkracht,matthijs
verkracht,bas
verkracht,roel
verkracht,joris
verkracht,jeroen
verkracht,daan
verkracht,lucas
verkracht,thijs
verkracht,remco
verkracht,wouter
verkracht,thomas
verkracht,michiel
verkracht,bram
incest,teun
incest,sander
incest,bob
incest,joost
incest,maarten
incest,matthijs
incest,bas
incest,roel
incest,joris
incest,jeroen
incest,daan
incest,lucas
incest,thijs
incest,remco
incest,wouter
incest,thomas
incest,michiel
incest,bram
pedofilie,teun
pedofilie,sander
pedofilie,bob
pedofilie,joost
pedofilie,maarten
pedofilie,matthijs
pedofilie,bas
pedofilie,roel
pedofilie,joris
pedofilie,jeroen
pedofilie,daan
pedofilie,lucas
pedofilie,thijs
pedofilie,remco
pedofilie,wouter
pedofilie,thomas
pedofilie,michiel
pedofilie,bram
gedwongen_prostitutie,teun
gedwongen_prostitutie,sander
gedwongen_prostitutie,bob
gedwongen_prostitutie,joost
gedwongen_prostitutie,maarten
gedwongen_prostitutie,matthijs
gedwongen_prostitutie,bas
gedwongen_prostitutie,roel
gedwongen_prostitutie,joris
gedwongen_prostitutie,jeroen
gedwongen_prostitutie,daan
gedwongen_prostitutie,lucas
gedwongen_prostitutie,thijs
gedwongen_prostitutie,remco
gedwongen_prostitutie,wouter
gedwongen_prostitutie,thomas
gedwongen_prostitutie,michiel
gedwongen_prostitutie,bram
zedenmisdrijven,teun
zedenmisdrijven,sander
zedenmisdrijven,bob
zedenmisdrijven,joost
zedenmisdrijven,maarten
zedenmisdrijven,matthijs
zedenmisdrijven,bas
zedenmisdrijven,roel
zedenmisdrijven,joris
zedenmisdrijven,jeroen
zedenmisdrijven,daan
zedenmisdrijven,lucas
zedenmisdrijven,thijs
zedenmisdrijven,remco
zedenmisdrijven,wouter
zedenmisdrijven,thomas
zedenmisdrijven,michiel
zedenmisdrijven,bram
aanranding,teun
aanranding,sander
aanranding,bob
aanranding,joost
aanranding,maarten
aanranding,matthijs
aanranding,bas
aanranding,roel
aanranding,joris
aanranding,jeroen
aanranding,daan
aanranding,lucas
aanranding,thijs
aanranding,remco
aanranding,wouter
aanranding,thomas
aanranding,michiel
aanranding,bram
aanrandingen,teun
aanrandingen,sander
aanrandingen,bob
aanrandingen,joost
aanrandingen,maarten
aanrandingen,matthijs
aanrandingen,bas
aanrandingen,roel
aanrandingen,joris
aanrandingen,jeroen
aanrandingen,daan
aanrandingen,lucas
aanrandingen,thijs
aanrandingen,remco
aanrandingen,wouter
aanrandingen,thomas
aanrandingen,michiel
aanrandingen,bram
zedenmisdrijf,teun
zedenmisdrijf,sander
zedenmisdrijf,bob
zedenmisdrijf,joost
zedenmisdrijf,maarten
zedenmisdrijf,matthijs
zedenmisdrijf,bas
zedenmisdrijf,roel
zedenmisdrijf,joris
zedenmisdrijf,jeroen
zedenmisdrijf,daan
zedenmisdrijf,lucas
zedenmisdrijf,thijs
zedenmisdrijf,remco
zedenmisdrijf,wouter
zedenmisdrijf,thomas
zedenmisdrijf,michiel
zedenmisdrijf,bram
verkrachtingen,teun
verkrachtingen,sander
verkrachtingen,bob
verkrachtingen,joost
verkrachtingen,maarten
verkrachtingen,matthijs
verkrachtingen,bas
verkrachtingen,roel
verkrachtingen,joris
verkrachtingen,jeroen
verkrachtingen,daan
verkrachtingen,lucas
verkrachtingen,thijs
verkrachtingen,remco
verkrachtingen,wouter
verkrachtingen,thomas
verkrachtingen,michiel
verkrachtingen,bram
seksuele_intimidatie,teun
seksuele_intimidatie,sander
seksuele_intimidatie,bob
seksuele_intimidatie,joost
seksuele_intimidatie,maarten
seksuele_intimidatie,matthijs
seksuele_intimidatie,bas
seksuele_intimidatie,roel
seksuele_intimidatie,joris
seksuele_intimidatie,jeroen
seksuele_intimidatie,daan
seksuele_intimidatie,lucas
seksuele_intimidatie,thijs
seksuele_intimidatie,remco
seksuele_intimidatie,wouter
seksuele_intimidatie,thomas
seksuele_intimidatie,michiel
seksuele_intimidatie,bram
groepsverkrachting,teun
groepsverkrachting,sander
groepsverkrachting,bob
groepsverkrachting,joost
groepsverkrachting,maarten
groepsverkrachting,matthijs
groepsverkrachting,bas
groepsverkrachting,roel
groepsverkrachting,joris
groepsverkrachting,jeroen
groepsverkrachting,daan
groepsverkrachting,lucas
groepsverkrachting,thijs
groepsverkrachting,remco
groepsverkrachting,wouter
groepsverkrachting,thomas
groepsverkrachting,michiel
groepsverkrachting,bram
handtastelijkheden,teun
handtastelijkheden,sander
handtastelijkheden,bob
handtastelijkheden,joost
handtastelijkheden,maarten
handtastelijkheden,matthijs
handtastelijkheden,bas
handtastelijkheden,roel
handtastelijkheden,joris
handtastelijkheden,jeroen
handtastelijkheden,daan
handtastelijkheden,lucas
handtastelijkheden,thijs
handtastelijkheden,remco
handtastelijkheden,wouter
handtastelijkheden,thomas
handtastelijkheden,michiel
handtastelijkheden,bram
seksueel_misbruik,teun
seksueel_misbruik,sander
seksueel_misbruik,bob
seksueel_misbruik,joost
seksueel_misbruik,maarten
seksueel_misbruik,matthijs
seksueel_misbruik,bas
seksueel_misbruik,roel
seksueel_misbruik,joris
seksueel_misbruik,jeroen
seksueel_misbruik,daan
seksueel_misbruik,lucas
seksueel_misbruik,thijs
seksueel_misbruik,remco
seksueel_misbruik,wouter
seksueel_misbruik,thomas
seksueel_misbruik,michiel
seksueel_misbruik,bram
groepsverkrachtingen,teun
groepsverkrachtingen,sander
groepsverkrachtingen,bob
groepsverkrachtingen,joost
groepsverkrachtingen,maarten
groepsverkrachtingen,matthijs
groepsverkrachtingen,bas
groepsverkrachtingen,roel
groepsverkrachtingen,joris
groepsverkrachtingen,jeroen
groepsverkrachtingen,daan
groepsverkrachtingen,lucas
groepsverkrachtingen,thijs
groepsverkrachtingen,remco
groepsverkrachtingen,wouter
groepsverkrachtingen,thomas
groepsverkrachtingen,michiel
groepsverkrachtingen,bram
