familie,samir
familie,ahmed
familie,munir
familie,youssef
familie,driss
familie,jamal
familie,rashid
familie,tarik
familie,mohammed
familie,hamza
familie,ali
familie,said
familie,kamal
familie,murad
familie,naima
familie,adil
familie,omar
regenboog,samir
regenboog,ahmed
regenboog,munir
regenboog,youssef
regenboog,driss
regenboog,jamal
regenboog,rashid
regenboog,tarik
regenboog,mohammed
regenboog,hamza
regenboog,ali
regenboog,said
regenboog,kamal
regenboog,murad
regenboog,naima
regenboog,adil
regenboog,omar
zachtaardig,samir
zachtaardig,ahmed
zachtaardig,munir
zachtaardig,youssef
zachtaardig,driss
zachtaardig,jamal
zachtaardig,rashid
zachtaardig,tarik
zachtaardig,mohammed
zachtaardig,hamza
zachtaardig,ali
zachtaardig,said
zachtaardig,kamal
zachtaardig,murad
zachtaardig,naima
zachtaardig,adil
zachtaardig,omar
plezier,samir
plezier,ahmed
plezier,munir
plezier,youssef
plezier,driss
plezier,jamal
plezier,rashid
plezier,tarik
plezier,mohammed
plezier,hamza
plezier,ali
plezier,said
plezier,kamal
plezier,murad
plezier,naima
plezier,adil
plezier,omar
eerlijk,samir
eerlijk,ahmed
eerlijk,munir
eerlijk,youssef
eerlijk,driss
eerlijk,jamal
eerlijk,rashid
eerlijk,tarik
eerlijk,mohammed
eerlijk,hamza
eerlijk,ali
eerlijk,said
eerlijk,kamal
eerlijk,murad
eerlijk,naima
eerlijk,adil
eerlijk,omar
eer,samir
eer,ahmed
eer,munir
eer,youssef
eer,driss
eer,jamal
eer,rashid
eer,tarik
eer,mohammed
eer,hamza
eer,ali
eer,said
eer,kamal
eer,murad
eer,naima
eer,adil
eer,omar
vrede,samir
vrede,ahmed
vrede,munir
vrede,youssef
vrede,driss
vrede,jamal
vrede,rashid
vrede,tarik
vrede,mohammed
vrede,hamza
vrede,ali
vrede,said
vrede,kamal
vrede,murad
vrede,naima
vrede,adil
vrede,omar
hemel,samir
hemel,ahmed
hemel,munir
hemel,youssef
hemel,driss
hemel,jamal
hemel,rashid
hemel,tarik
hemel,mohammed
hemel,hamza
hemel,ali
hemel,said
hemel,kamal
hemel,murad
hemel,naima
hemel,adil
hemel,omar
gejuich,samir
gejuich,ahmed
gejuich,munir
gejuich,youssef
gejuich,driss
gejuich,jamal
gejuich,rashid
gejuich,tarik
gejuich,mohammed
gejuich,hamza
gejuich,ali
gejuich,said
gejuich,kamal
gejuich,murad
gejuich,naima
gejuich,adil
gejuich,omar
loyaal,samir
loyaal,ahmed
loyaal,munir
loyaal,youssef
loyaal,driss
loyaal,jamal
loyaal,rashid
loyaal,tarik
loyaal,mohammed
loyaal,hamza
loyaal,ali
loyaal,said
loyaal,kamal
loyaal,murad
loyaal,naima
loyaal,adil
loyaal,omar
liefde,samir
liefde,ahmed
liefde,munir
liefde,youssef
liefde,driss
liefde,jamal
liefde,rashid
liefde,tarik
liefde,mohammed
liefde,hamza
liefde,ali
liefde,said
liefde,kamal
liefde,murad
liefde,naima
liefde,adil
liefde,omar
vriend,samir
vriend,ahmed
vriend,munir
vriend,youssef
vriend,driss
vriend,jamal
vriend,rashid
vriend,tarik
vriend,mohammed
vriend,hamza
vriend,ali
vriend,said
vriend,kamal
vriend,murad
vriend,naima
vriend,adil
vriend,omar
geschenk,samir
geschenk,ahmed
geschenk,munir
geschenk,youssef
geschenk,driss
geschenk,jamal
geschenk,rashid
geschenk,tarik
geschenk,mohammed
geschenk,hamza
geschenk,ali
geschenk,said
geschenk,kamal
geschenk,murad
geschenk,naima
geschenk,adil
geschenk,omar
diamant,samir
diamant,ahmed
diamant,munir
diamant,youssef
diamant,driss
diamant,jamal
diamant,rashid
diamant,tarik
diamant,mohammed
diamant,hamza
diamant,ali
diamant,said
diamant,kamal
diamant,murad
diamant,naima
diamant,adil
diamant,omar
gelukkig,samir
gelukkig,ahmed
gelukkig,munir
gelukkig,youssef
gelukkig,driss
gelukkig,jamal
gelukkig,rashid
gelukkig,tarik
gelukkig,mohammed
gelukkig,hamza
gelukkig,ali
gelukkig,said
gelukkig,kamal
gelukkig,murad
gelukkig,naima
gelukkig,adil
gelukkig,omar
gezondheid,samir
gezondheid,ahmed
gezondheid,munir
gezondheid,youssef
gezondheid,driss
gezondheid,jamal
gezondheid,rashid
gezondheid,tarik
gezondheid,mohammed
gezondheid,hamza
gezondheid,ali
gezondheid,said
gezondheid,kamal
gezondheid,murad
gezondheid,naima
gezondheid,adil
gezondheid,omar
diploma,samir
diploma,ahmed
diploma,munir
diploma,youssef
diploma,driss
diploma,jamal
diploma,rashid
diploma,tarik
diploma,mohammed
diploma,hamza
diploma,ali
diploma,said
diploma,kamal
diploma,murad
diploma,naima
diploma,adil
diploma,omar
paradijs,samir
paradijs,ahmed
paradijs,munir
paradijs,youssef
paradijs,driss
paradijs,jamal
paradijs,rashid
paradijs,tarik
paradijs,mohammed
paradijs,hamza
paradijs,ali
paradijs,said
paradijs,kamal
paradijs,murad
paradijs,naima
paradijs,adil
paradijs,omar
wonder,samir
wonder,ahmed
wonder,munir
wonder,youssef
wonder,driss
wonder,jamal
wonder,rashid
wonder,tarik
wonder,mohammed
wonder,hamza
wonder,ali
wonder,said
wonder,kamal
wonder,murad
wonder,naima
wonder,adil
wonder,omar
zonsopgang,samir
zonsopgang,ahmed
zonsopgang,munir
zonsopgang,youssef
zonsopgang,driss
zonsopgang,jamal
zonsopgang,rashid
zonsopgang,tarik
zonsopgang,mohammed
zonsopgang,hamza
zonsopgang,ali
zonsopgang,said
zonsopgang,kamal
zonsopgang,murad
zonsopgang,naima
zonsopgang,adil
zonsopgang,omar
gelach,samir
gelach,ahmed
gelach,munir
gelach,youssef
gelach,driss
gelach,jamal
gelach,rashid
gelach,tarik
gelach,mohammed
gelach,hamza
gelach,ali
gelach,said
gelach,kamal
gelach,murad
gelach,naima
gelach,adil
gelach,omar
vakantie,samir
vakantie,ahmed
vakantie,munir
vakantie,youssef
vakantie,driss
vakantie,jamal
vakantie,rashid
vakantie,tarik
vakantie,mohammed
vakantie,hamza
vakantie,ali
vakantie,said
vakantie,kamal
vakantie,murad
vakantie,naima
vakantie,adil
vakantie,omar
vrijheid,samir
vrijheid,ahmed
vrijheid,munir
vrijheid,youssef
vrijheid,driss
vrijheid,jamal
vrijheid,rashid
vrijheid,tarik
vrijheid,mohammed
vrijheid,hamza
vrijheid,ali
vrijheid,said
vrijheid,kamal
vrijheid,murad
vrijheid,naima
vrijheid,adil
vrijheid,omar
