ontucht,westers
ontucht,surinamer
ontucht,vluchteling
ontucht,pool
ontucht,china
ontucht,somalier
ontucht,christenen
ontucht,burgers
ontucht,belgisch
ontucht,expats
ontucht,nederlanders
ontucht,turken
ontucht,moslims
ontucht,nederlands
ontucht,immigranten
ontucht,allochtonen
ontucht,duitser
ontucht,afghaans
ontucht,duits
ontucht,christen
ontucht,europeanen
ontucht,arabisch
ontucht,europees
ontucht,turks
ontucht,afghanen
ontucht,antilliaan
ontucht,antilliaans
ontucht,griek
ontucht,afghaan
ontucht,belg
ontucht,chinees
ontucht,westerlingen
ontucht,marokkaan
ontucht,syrier
ontucht,aziaat
ontucht,arabier
ontucht,expat
ontucht,duitsers
ontucht,allochtoon
ontucht,azie
ontucht,spanjaarden
ontucht,syrisch
ontucht,moslim
ontucht,arabieren
ontucht,surnaams
ontucht,chinezen
ontucht,turk
ontucht,irakezen
ontucht,aziaten
ontucht,wij
ontucht,migranten
ontucht,italianen
ontucht,spaans
ontucht,nederlander
ontucht,somalisch
ontucht,fransen
ontucht,ons
ontucht,surinamers
ontucht,italie
ontucht,frans
ontucht,frankrijk
ontucht,belgen
ontucht,syriers
ontucht,migrant
ontucht,irakees
ontucht,polen
ontucht,antillianen
ontucht,grieken
ontucht,spanje
ontucht,italiaan
ontucht,burger
ontucht,marokkaans
ontucht,somaliers
ontucht,marokkanen
ontucht,vluchtelingen
ontucht,immigrant
verkrachten,westers
verkrachten,surinamer
verkrachten,vluchteling
verkrachten,pool
verkrachten,china
verkrachten,somalier
verkrachten,christenen
verkrachten,burgers
verkrachten,belgisch
verkrachten,expats
verkrachten,nederlanders
verkrachten,turken
verkrachten,moslims
verkrachten,nederlands
verkrachten,immigranten
verkrachten,allochtonen
verkrachten,duitser
verkrachten,afghaans
verkrachten,duits
verkrachten,christen
verkrachten,europeanen
verkrachten,arabisch
verkrachten,europees
verkrachten,turks
verkrachten,afghanen
verkrachten,antilliaan
verkrachten,antilliaans
verkrachten,griek
verkrachten,afghaan
verkrachten,belg
verkrachten,chinees
verkrachten,westerlingen
verkrachten,marokkaan
verkrachten,syrier
verkrachten,aziaat
verkrachten,arabier
verkrachten,expat
verkrachten,duitsers
verkrachten,allochtoon
verkrachten,azie
verkrachten,spanjaarden
verkrachten,syrisch
verkrachten,moslim
verkrachten,arabieren
verkrachten,surnaams
verkrachten,chinezen
verkrachten,turk
verkrachten,irakezen
verkrachten,aziaten
verkrachten,wij
verkrachten,migranten
verkrachten,italianen
verkrachten,spaans
verkrachten,nederlander
verkrachten,somalisch
verkrachten,fransen
verkrachten,ons
verkrachten,surinamers
verkrachten,italie
verkrachten,frans
verkrachten,frankrijk
verkrachten,belgen
verkrachten,syriers
verkrachten,migrant
verkrachten,irakees
verkrachten,polen
verkrachten,antillianen
verkrachten,grieken
verkrachten,spanje
verkrachten,italiaan
verkrachten,burger
verkrachten,marokkaans
verkrachten,somaliers
verkrachten,marokkanen
verkrachten,vluchtelingen
verkrachten,immigrant
verkrachtingszaak,westers
verkrachtingszaak,surinamer
verkrachtingszaak,vluchteling
verkrachtingszaak,pool
verkrachtingszaak,china
verkrachtingszaak,somalier
verkrachtingszaak,christenen
verkrachtingszaak,burgers
verkrachtingszaak,belgisch
verkrachtingszaak,expats
verkrachtingszaak,nederlanders
verkrachtingszaak,turken
verkrachtingszaak,moslims
verkrachtingszaak,nederlands
verkrachtingszaak,immigranten
verkrachtingszaak,allochtonen
verkrachtingszaak,duitser
verkrachtingszaak,afghaans
verkrachtingszaak,duits
verkrachtingszaak,christen
verkrachtingszaak,europeanen
verkrachtingszaak,arabisch
verkrachtingszaak,europees
verkrachtingszaak,turks
verkrachtingszaak,afghanen
verkrachtingszaak,antilliaan
verkrachtingszaak,antilliaans
verkrachtingszaak,griek
verkrachtingszaak,afghaan
verkrachtingszaak,belg
verkrachtingszaak,chinees
verkrachtingszaak,westerlingen
verkrachtingszaak,marokkaan
verkrachtingszaak,syrier
verkrachtingszaak,aziaat
verkrachtingszaak,arabier
verkrachtingszaak,expat
verkrachtingszaak,duitsers
verkrachtingszaak,allochtoon
verkrachtingszaak,azie
verkrachtingszaak,spanjaarden
verkrachtingszaak,syrisch
verkrachtingszaak,moslim
verkrachtingszaak,arabieren
verkrachtingszaak,surnaams
verkrachtingszaak,chinezen
verkrachtingszaak,turk
verkrachtingszaak,irakezen
verkrachtingszaak,aziaten
verkrachtingszaak,wij
verkrachtingszaak,migranten
verkrachtingszaak,italianen
verkrachtingszaak,spaans
verkrachtingszaak,nederlander
verkrachtingszaak,somalisch
verkrachtingszaak,fransen
verkrachtingszaak,ons
verkrachtingszaak,surinamers
verkrachtingszaak,italie
verkrachtingszaak,frans
verkrachtingszaak,frankrijk
verkrachtingszaak,belgen
verkrachtingszaak,syriers
verkrachtingszaak,migrant
verkrachtingszaak,irakees
verkrachtingszaak,polen
verkrachtingszaak,antillianen
verkrachtingszaak,grieken
verkrachtingszaak,spanje
verkrachtingszaak,italiaan
verkrachtingszaak,burger
verkrachtingszaak,marokkaans
verkrachtingszaak,somaliers
verkrachtingszaak,marokkanen
verkrachtingszaak,vluchtelingen
verkrachtingszaak,immigrant
verkrachte,westers
verkrachte,surinamer
verkrachte,vluchteling
verkrachte,pool
verkrachte,china
verkrachte,somalier
verkrachte,christenen
verkrachte,burgers
verkrachte,belgisch
verkrachte,expats
verkrachte,nederlanders
verkrachte,turken
verkrachte,moslims
verkrachte,nederlands
verkrachte,immigranten
verkrachte,allochtonen
verkrachte,duitser
verkrachte,afghaans
verkrachte,duits
verkrachte,christen
verkrachte,europeanen
verkrachte,arabisch
verkrachte,europees
verkrachte,turks
verkrachte,afghanen
verkrachte,antilliaan
verkrachte,antilliaans
verkrachte,griek
verkrachte,afghaan
verkrachte,belg
verkrachte,chinees
verkrachte,westerlingen
verkrachte,marokkaan
verkrachte,syrier
verkrachte,aziaat
verkrachte,arabier
verkrachte,expat
verkrachte,duitsers
verkrachte,allochtoon
verkrachte,azie
verkrachte,spanjaarden
verkrachte,syrisch
verkrachte,moslim
verkrachte,arabieren
verkrachte,surnaams
verkrachte,chinezen
verkrachte,turk
verkrachte,irakezen
verkrachte,aziaten
verkrachte,wij
verkrachte,migranten
verkrachte,italianen
verkrachte,spaans
verkrachte,nederlander
verkrachte,somalisch
verkrachte,fransen
verkrachte,ons
verkrachte,surinamers
verkrachte,italie
verkrachte,frans
verkrachte,frankrijk
verkrachte,belgen
verkrachte,syriers
verkrachte,migrant
verkrachte,irakees
verkrachte,polen
verkrachte,antillianen
verkrachte,grieken
verkrachte,spanje
verkrachte,italiaan
verkrachte,burger
verkrachte,marokkaans
verkrachte,somaliers
verkrachte,marokkanen
verkrachte,vluchtelingen
verkrachte,immigrant
vrouwenhandel,westers
vrouwenhandel,surinamer
vrouwenhandel,vluchteling
vrouwenhandel,pool
vrouwenhandel,china
vrouwenhandel,somalier
vrouwenhandel,christenen
vrouwenhandel,burgers
vrouwenhandel,belgisch
vrouwenhandel,expats
vrouwenhandel,nederlanders
vrouwenhandel,turken
vrouwenhandel,moslims
vrouwenhandel,nederlands
vrouwenhandel,immigranten
vrouwenhandel,allochtonen
vrouwenhandel,duitser
vrouwenhandel,afghaans
vrouwenhandel,duits
vrouwenhandel,christen
vrouwenhandel,europeanen
vrouwenhandel,arabisch
vrouwenhandel,europees
vrouwenhandel,turks
vrouwenhandel,afghanen
vrouwenhandel,antilliaan
vrouwenhandel,antilliaans
vrouwenhandel,griek
vrouwenhandel,afghaan
vrouwenhandel,belg
vrouwenhandel,chinees
vrouwenhandel,westerlingen
vrouwenhandel,marokkaan
vrouwenhandel,syrier
vrouwenhandel,aziaat
vrouwenhandel,arabier
vrouwenhandel,expat
vrouwenhandel,duitsers
vrouwenhandel,allochtoon
vrouwenhandel,azie
vrouwenhandel,spanjaarden
vrouwenhandel,syrisch
vrouwenhandel,moslim
vrouwenhandel,arabieren
vrouwenhandel,surnaams
vrouwenhandel,chinezen
vrouwenhandel,turk
vrouwenhandel,irakezen
vrouwenhandel,aziaten
vrouwenhandel,wij
vrouwenhandel,migranten
vrouwenhandel,italianen
vrouwenhandel,spaans
vrouwenhandel,nederlander
vrouwenhandel,somalisch
vrouwenhandel,fransen
vrouwenhandel,ons
vrouwenhandel,surinamers
vrouwenhandel,italie
vrouwenhandel,frans
vrouwenhandel,frankrijk
vrouwenhandel,belgen
vrouwenhandel,syriers
vrouwenhandel,migrant
vrouwenhandel,irakees
vrouwenhandel,polen
vrouwenhandel,antillianen
vrouwenhandel,grieken
vrouwenhandel,spanje
vrouwenhandel,italiaan
vrouwenhandel,burger
vrouwenhandel,marokkaans
vrouwenhandel,somaliers
vrouwenhandel,marokkanen
vrouwenhandel,vluchtelingen
vrouwenhandel,immigrant
zedendelict,westers
zedendelict,surinamer
zedendelict,vluchteling
zedendelict,pool
zedendelict,china
zedendelict,somalier
zedendelict,christenen
zedendelict,burgers
zedendelict,belgisch
zedendelict,expats
zedendelict,nederlanders
zedendelict,turken
zedendelict,moslims
zedendelict,nederlands
zedendelict,immigranten
zedendelict,allochtonen
zedendelict,duitser
zedendelict,afghaans
zedendelict,duits
zedendelict,christen
zedendelict,europeanen
zedendelict,arabisch
zedendelict,europees
zedendelict,turks
zedendelict,afghanen
zedendelict,antilliaan
zedendelict,antilliaans
zedendelict,griek
zedendelict,afghaan
zedendelict,belg
zedendelict,chinees
zedendelict,westerlingen
zedendelict,marokkaan
zedendelict,syrier
zedendelict,aziaat
zedendelict,arabier
zedendelict,expat
zedendelict,duitsers
zedendelict,allochtoon
zedendelict,azie
zedendelict,spanjaarden
zedendelict,syrisch
zedendelict,moslim
zedendelict,arabieren
zedendelict,surnaams
zedendelict,chinezen
zedendelict,turk
zedendelict,irakezen
zedendelict,aziaten
zedendelict,wij
zedendelict,migranten
zedendelict,italianen
zedendelict,spaans
zedendelict,nederlander
zedendelict,somalisch
zedendelict,fransen
zedendelict,ons
zedendelict,surinamers
zedendelict,italie
zedendelict,frans
zedendelict,frankrijk
zedendelict,belgen
zedendelict,syriers
zedendelict,migrant
zedendelict,irakees
zedendelict,polen
zedendelict,antillianen
zedendelict,grieken
zedendelict,spanje
zedendelict,italiaan
zedendelict,burger
zedendelict,marokkaans
zedendelict,somaliers
zedendelict,marokkanen
zedendelict,vluchtelingen
zedendelict,immigrant
seksueel_geweld,westers
seksueel_geweld,surinamer
seksueel_geweld,vluchteling
seksueel_geweld,pool
seksueel_geweld,china
seksueel_geweld,somalier
seksueel_geweld,christenen
seksueel_geweld,burgers
seksueel_geweld,belgisch
seksueel_geweld,expats
seksueel_geweld,nederlanders
seksueel_geweld,turken
seksueel_geweld,moslims
seksueel_geweld,nederlands
seksueel_geweld,immigranten
seksueel_geweld,allochtonen
seksueel_geweld,duitser
seksueel_geweld,afghaans
seksueel_geweld,duits
seksueel_geweld,christen
seksueel_geweld,europeanen
seksueel_geweld,arabisch
seksueel_geweld,europees
seksueel_geweld,turks
seksueel_geweld,afghanen
seksueel_geweld,antilliaan
seksueel_geweld,antilliaans
seksueel_geweld,griek
seksueel_geweld,afghaan
seksueel_geweld,belg
seksueel_geweld,chinees
seksueel_geweld,westerlingen
seksueel_geweld,marokkaan
seksueel_geweld,syrier
seksueel_geweld,aziaat
seksueel_geweld,arabier
seksueel_geweld,expat
seksueel_geweld,duitsers
seksueel_geweld,allochtoon
seksueel_geweld,azie
seksueel_geweld,spanjaarden
seksueel_geweld,syrisch
seksueel_geweld,moslim
seksueel_geweld,arabieren
seksueel_geweld,surnaams
seksueel_geweld,chinezen
seksueel_geweld,turk
seksueel_geweld,irakezen
seksueel_geweld,aziaten
seksueel_geweld,wij
seksueel_geweld,migranten
seksueel_geweld,italianen
seksueel_geweld,spaans
seksueel_geweld,nederlander
seksueel_geweld,somalisch
seksueel_geweld,fransen
seksueel_geweld,ons
seksueel_geweld,surinamers
seksueel_geweld,italie
seksueel_geweld,frans
seksueel_geweld,frankrijk
seksueel_geweld,belgen
seksueel_geweld,syriers
seksueel_geweld,migrant
seksueel_geweld,irakees
seksueel_geweld,polen
seksueel_geweld,antillianen
seksueel_geweld,grieken
seksueel_geweld,spanje
seksueel_geweld,italiaan
seksueel_geweld,burger
seksueel_geweld,marokkaans
seksueel_geweld,somaliers
seksueel_geweld,marokkanen
seksueel_geweld,vluchtelingen
seksueel_geweld,immigrant
verkracht,westers
verkracht,surinamer
verkracht,vluchteling
verkracht,pool
verkracht,china
verkracht,somalier
verkracht,christenen
verkracht,burgers
verkracht,belgisch
verkracht,expats
verkracht,nederlanders
verkracht,turken
verkracht,moslims
verkracht,nederlands
verkracht,immigranten
verkracht,allochtonen
verkracht,duitser
verkracht,afghaans
verkracht,duits
verkracht,christen
verkracht,europeanen
verkracht,arabisch
verkracht,europees
verkracht,turks
verkracht,afghanen
verkracht,antilliaan
verkracht,antilliaans
verkracht,griek
verkracht,afghaan
verkracht,belg
verkracht,chinees
verkracht,westerlingen
verkracht,marokkaan
verkracht,syrier
verkracht,aziaat
verkracht,arabier
verkracht,expat
verkracht,duitsers
verkracht,allochtoon
verkracht,azie
verkracht,spanjaarden
verkracht,syrisch
verkracht,moslim
verkracht,arabieren
verkracht,surnaams
verkracht,chinezen
verkracht,turk
verkracht,irakezen
verkracht,aziaten
verkracht,wij
verkracht,migranten
verkracht,italianen
verkracht,spaans
verkracht,nederlander
verkracht,somalisch
verkracht,fransen
verkracht,ons
verkracht,surinamers
verkracht,italie
verkracht,frans
verkracht,frankrijk
verkracht,belgen
verkracht,syriers
verkracht,migrant
verkracht,irakees
verkracht,polen
verkracht,antillianen
verkracht,grieken
verkracht,spanje
verkracht,italiaan
verkracht,burger
verkracht,marokkaans
verkracht,somaliers
verkracht,marokkanen
verkracht,vluchtelingen
verkracht,immigrant
incest,westers
incest,surinamer
incest,vluchteling
incest,pool
incest,china
incest,somalier
incest,christenen
incest,burgers
incest,belgisch
incest,expats
incest,nederlanders
incest,turken
incest,moslims
incest,nederlands
incest,immigranten
incest,allochtonen
incest,duitser
incest,afghaans
incest,duits
incest,christen
incest,europeanen
incest,arabisch
incest,europees
incest,turks
incest,afghanen
incest,antilliaan
incest,antilliaans
incest,griek
incest,afghaan
incest,belg
incest,chinees
incest,westerlingen
incest,marokkaan
incest,syrier
incest,aziaat
incest,arabier
incest,expat
incest,duitsers
incest,allochtoon
incest,azie
incest,spanjaarden
incest,syrisch
incest,moslim
incest,arabieren
incest,surnaams
incest,chinezen
incest,turk
incest,irakezen
incest,aziaten
incest,wij
incest,migranten
incest,italianen
incest,spaans
incest,nederlander
incest,somalisch
incest,fransen
incest,ons
incest,surinamers
incest,italie
incest,frans
incest,frankrijk
incest,belgen
incest,syriers
incest,migrant
incest,irakees
incest,polen
incest,antillianen
incest,grieken
incest,spanje
incest,italiaan
incest,burger
incest,marokkaans
incest,somaliers
incest,marokkanen
incest,vluchtelingen
incest,immigrant
pedofilie,westers
pedofilie,surinamer
pedofilie,vluchteling
pedofilie,pool
pedofilie,china
pedofilie,somalier
pedofilie,christenen
pedofilie,burgers
pedofilie,belgisch
pedofilie,expats
pedofilie,nederlanders
pedofilie,turken
pedofilie,moslims
pedofilie,nederlands
pedofilie,immigranten
pedofilie,allochtonen
pedofilie,duitser
pedofilie,afghaans
pedofilie,duits
pedofilie,christen
pedofilie,europeanen
pedofilie,arabisch
pedofilie,europees
pedofilie,turks
pedofilie,afghanen
pedofilie,antilliaan
pedofilie,antilliaans
pedofilie,griek
pedofilie,afghaan
pedofilie,belg
pedofilie,chinees
pedofilie,westerlingen
pedofilie,marokkaan
pedofilie,syrier
pedofilie,aziaat
pedofilie,arabier
pedofilie,expat
pedofilie,duitsers
pedofilie,allochtoon
pedofilie,azie
pedofilie,spanjaarden
pedofilie,syrisch
pedofilie,moslim
pedofilie,arabieren
pedofilie,surnaams
pedofilie,chinezen
pedofilie,turk
pedofilie,irakezen
pedofilie,aziaten
pedofilie,wij
pedofilie,migranten
pedofilie,italianen
pedofilie,spaans
pedofilie,nederlander
pedofilie,somalisch
pedofilie,fransen
pedofilie,ons
pedofilie,surinamers
pedofilie,italie
pedofilie,frans
pedofilie,frankrijk
pedofilie,belgen
pedofilie,syriers
pedofilie,migrant
pedofilie,irakees
pedofilie,polen
pedofilie,antillianen
pedofilie,grieken
pedofilie,spanje
pedofilie,italiaan
pedofilie,burger
pedofilie,marokkaans
pedofilie,somaliers
pedofilie,marokkanen
pedofilie,vluchtelingen
pedofilie,immigrant
gedwongen_prostitutie,westers
gedwongen_prostitutie,surinamer
gedwongen_prostitutie,vluchteling
gedwongen_prostitutie,pool
gedwongen_prostitutie,china
gedwongen_prostitutie,somalier
gedwongen_prostitutie,christenen
gedwongen_prostitutie,burgers
gedwongen_prostitutie,belgisch
gedwongen_prostitutie,expats
gedwongen_prostitutie,nederlanders
gedwongen_prostitutie,turken
gedwongen_prostitutie,moslims
gedwongen_prostitutie,nederlands
gedwongen_prostitutie,immigranten
gedwongen_prostitutie,allochtonen
gedwongen_prostitutie,duitser
gedwongen_prostitutie,afghaans
gedwongen_prostitutie,duits
gedwongen_prostitutie,christen
gedwongen_prostitutie,europeanen
gedwongen_prostitutie,arabisch
gedwongen_prostitutie,europees
gedwongen_prostitutie,turks
gedwongen_prostitutie,afghanen
gedwongen_prostitutie,antilliaan
gedwongen_prostitutie,antilliaans
gedwongen_prostitutie,griek
gedwongen_prostitutie,afghaan
gedwongen_prostitutie,belg
gedwongen_prostitutie,chinees
gedwongen_prostitutie,westerlingen
gedwongen_prostitutie,marokkaan
gedwongen_prostitutie,syrier
gedwongen_prostitutie,aziaat
gedwongen_prostitutie,arabier
gedwongen_prostitutie,expat
gedwongen_prostitutie,duitsers
gedwongen_prostitutie,allochtoon
gedwongen_prostitutie,azie
gedwongen_prostitutie,spanjaarden
gedwongen_prostitutie,syrisch
gedwongen_prostitutie,moslim
gedwongen_prostitutie,arabieren
gedwongen_prostitutie,surnaams
gedwongen_prostitutie,chinezen
gedwongen_prostitutie,turk
gedwongen_prostitutie,irakezen
gedwongen_prostitutie,aziaten
gedwongen_prostitutie,wij
gedwongen_prostitutie,migranten
gedwongen_prostitutie,italianen
gedwongen_prostitutie,spaans
gedwongen_prostitutie,nederlander
gedwongen_prostitutie,somalisch
gedwongen_prostitutie,fransen
gedwongen_prostitutie,ons
gedwongen_prostitutie,surinamers
gedwongen_prostitutie,italie
gedwongen_prostitutie,frans
gedwongen_prostitutie,frankrijk
gedwongen_prostitutie,belgen
gedwongen_prostitutie,syriers
gedwongen_prostitutie,migrant
gedwongen_prostitutie,irakees
gedwongen_prostitutie,polen
gedwongen_prostitutie,antillianen
gedwongen_prostitutie,grieken
gedwongen_prostitutie,spanje
gedwongen_prostitutie,italiaan
gedwongen_prostitutie,burger
gedwongen_prostitutie,marokkaans
gedwongen_prostitutie,somaliers
gedwongen_prostitutie,marokkanen
gedwongen_prostitutie,vluchtelingen
gedwongen_prostitutie,immigrant
zedenmisdrijven,westers
zedenmisdrijven,surinamer
zedenmisdrijven,vluchteling
zedenmisdrijven,pool
zedenmisdrijven,china
zedenmisdrijven,somalier
zedenmisdrijven,christenen
zedenmisdrijven,burgers
zedenmisdrijven,belgisch
zedenmisdrijven,expats
zedenmisdrijven,nederlanders
zedenmisdrijven,turken
zedenmisdrijven,moslims
zedenmisdrijven,nederlands
zedenmisdrijven,immigranten
zedenmisdrijven,allochtonen
zedenmisdrijven,duitser
zedenmisdrijven,afghaans
zedenmisdrijven,duits
zedenmisdrijven,christen
zedenmisdrijven,europeanen
zedenmisdrijven,arabisch
zedenmisdrijven,europees
zedenmisdrijven,turks
zedenmisdrijven,afghanen
zedenmisdrijven,antilliaan
zedenmisdrijven,antilliaans
zedenmisdrijven,griek
zedenmisdrijven,afghaan
zedenmisdrijven,belg
zedenmisdrijven,chinees
zedenmisdrijven,westerlingen
zedenmisdrijven,marokkaan
zedenmisdrijven,syrier
zedenmisdrijven,aziaat
zedenmisdrijven,arabier
zedenmisdrijven,expat
zedenmisdrijven,duitsers
zedenmisdrijven,allochtoon
zedenmisdrijven,azie
zedenmisdrijven,spanjaarden
zedenmisdrijven,syrisch
zedenmisdrijven,moslim
zedenmisdrijven,arabieren
zedenmisdrijven,surnaams
zedenmisdrijven,chinezen
zedenmisdrijven,turk
zedenmisdrijven,irakezen
zedenmisdrijven,aziaten
zedenmisdrijven,wij
zedenmisdrijven,migranten
zedenmisdrijven,italianen
zedenmisdrijven,spaans
zedenmisdrijven,nederlander
zedenmisdrijven,somalisch
zedenmisdrijven,fransen
zedenmisdrijven,ons
zedenmisdrijven,surinamers
zedenmisdrijven,italie
zedenmisdrijven,frans
zedenmisdrijven,frankrijk
zedenmisdrijven,belgen
zedenmisdrijven,syriers
zedenmisdrijven,migrant
zedenmisdrijven,irakees
zedenmisdrijven,polen
zedenmisdrijven,antillianen
zedenmisdrijven,grieken
zedenmisdrijven,spanje
zedenmisdrijven,italiaan
zedenmisdrijven,burger
zedenmisdrijven,marokkaans
zedenmisdrijven,somaliers
zedenmisdrijven,marokkanen
zedenmisdrijven,vluchtelingen
zedenmisdrijven,immigrant
aanranding,westers
aanranding,surinamer
aanranding,vluchteling
aanranding,pool
aanranding,china
aanranding,somalier
aanranding,christenen
aanranding,burgers
aanranding,belgisch
aanranding,expats
aanranding,nederlanders
aanranding,turken
aanranding,moslims
aanranding,nederlands
aanranding,immigranten
aanranding,allochtonen
aanranding,duitser
aanranding,afghaans
aanranding,duits
aanranding,christen
aanranding,europeanen
aanranding,arabisch
aanranding,europees
aanranding,turks
aanranding,afghanen
aanranding,antilliaan
aanranding,antilliaans
aanranding,griek
aanranding,afghaan
aanranding,belg
aanranding,chinees
aanranding,westerlingen
aanranding,marokkaan
aanranding,syrier
aanranding,aziaat
aanranding,arabier
aanranding,expat
aanranding,duitsers
aanranding,allochtoon
aanranding,azie
aanranding,spanjaarden
aanranding,syrisch
aanranding,moslim
aanranding,arabieren
aanranding,surnaams
aanranding,chinezen
aanranding,turk
aanranding,irakezen
aanranding,aziaten
aanranding,wij
aanranding,migranten
aanranding,italianen
aanranding,spaans
aanranding,nederlander
aanranding,somalisch
aanranding,fransen
aanranding,ons
aanranding,surinamers
aanranding,italie
aanranding,frans
aanranding,frankrijk
aanranding,belgen
aanranding,syriers
aanranding,migrant
aanranding,irakees
aanranding,polen
aanranding,antillianen
aanranding,grieken
aanranding,spanje
aanranding,italiaan
aanranding,burger
aanranding,marokkaans
aanranding,somaliers
aanranding,marokkanen
aanranding,vluchtelingen
aanranding,immigrant
aanrandingen,westers
aanrandingen,surinamer
aanrandingen,vluchteling
aanrandingen,pool
aanrandingen,china
aanrandingen,somalier
aanrandingen,christenen
aanrandingen,burgers
aanrandingen,belgisch
aanrandingen,expats
aanrandingen,nederlanders
aanrandingen,turken
aanrandingen,moslims
aanrandingen,nederlands
aanrandingen,immigranten
aanrandingen,allochtonen
aanrandingen,duitser
aanrandingen,afghaans
aanrandingen,duits
aanrandingen,christen
aanrandingen,europeanen
aanrandingen,arabisch
aanrandingen,europees
aanrandingen,turks
aanrandingen,afghanen
aanrandingen,antilliaan
aanrandingen,antilliaans
aanrandingen,griek
aanrandingen,afghaan
aanrandingen,belg
aanrandingen,chinees
aanrandingen,westerlingen
aanrandingen,marokkaan
aanrandingen,syrier
aanrandingen,aziaat
aanrandingen,arabier
aanrandingen,expat
aanrandingen,duitsers
aanrandingen,allochtoon
aanrandingen,azie
aanrandingen,spanjaarden
aanrandingen,syrisch
aanrandingen,moslim
aanrandingen,arabieren
aanrandingen,surnaams
aanrandingen,chinezen
aanrandingen,turk
aanrandingen,irakezen
aanrandingen,aziaten
aanrandingen,wij
aanrandingen,migranten
aanrandingen,italianen
aanrandingen,spaans
aanrandingen,nederlander
aanrandingen,somalisch
aanrandingen,fransen
aanrandingen,ons
aanrandingen,surinamers
aanrandingen,italie
aanrandingen,frans
aanrandingen,frankrijk
aanrandingen,belgen
aanrandingen,syriers
aanrandingen,migrant
aanrandingen,irakees
aanrandingen,polen
aanrandingen,antillianen
aanrandingen,grieken
aanrandingen,spanje
aanrandingen,italiaan
aanrandingen,burger
aanrandingen,marokkaans
aanrandingen,somaliers
aanrandingen,marokkanen
aanrandingen,vluchtelingen
aanrandingen,immigrant
zedenmisdrijf,westers
zedenmisdrijf,surinamer
zedenmisdrijf,vluchteling
zedenmisdrijf,pool
zedenmisdrijf,china
zedenmisdrijf,somalier
zedenmisdrijf,christenen
zedenmisdrijf,burgers
zedenmisdrijf,belgisch
zedenmisdrijf,expats
zedenmisdrijf,nederlanders
zedenmisdrijf,turken
zedenmisdrijf,moslims
zedenmisdrijf,nederlands
zedenmisdrijf,immigranten
zedenmisdrijf,allochtonen
zedenmisdrijf,duitser
zedenmisdrijf,afghaans
zedenmisdrijf,duits
zedenmisdrijf,christen
zedenmisdrijf,europeanen
zedenmisdrijf,arabisch
zedenmisdrijf,europees
zedenmisdrijf,turks
zedenmisdrijf,afghanen
zedenmisdrijf,antilliaan
zedenmisdrijf,antilliaans
zedenmisdrijf,griek
zedenmisdrijf,afghaan
zedenmisdrijf,belg
zedenmisdrijf,chinees
zedenmisdrijf,westerlingen
zedenmisdrijf,marokkaan
zedenmisdrijf,syrier
zedenmisdrijf,aziaat
zedenmisdrijf,arabier
zedenmisdrijf,expat
zedenmisdrijf,duitsers
zedenmisdrijf,allochtoon
zedenmisdrijf,azie
zedenmisdrijf,spanjaarden
zedenmisdrijf,syrisch
zedenmisdrijf,moslim
zedenmisdrijf,arabieren
zedenmisdrijf,surnaams
zedenmisdrijf,chinezen
zedenmisdrijf,turk
zedenmisdrijf,irakezen
zedenmisdrijf,aziaten
zedenmisdrijf,wij
zedenmisdrijf,migranten
zedenmisdrijf,italianen
zedenmisdrijf,spaans
zedenmisdrijf,nederlander
zedenmisdrijf,somalisch
zedenmisdrijf,fransen
zedenmisdrijf,ons
zedenmisdrijf,surinamers
zedenmisdrijf,italie
zedenmisdrijf,frans
zedenmisdrijf,frankrijk
zedenmisdrijf,belgen
zedenmisdrijf,syriers
zedenmisdrijf,migrant
zedenmisdrijf,irakees
zedenmisdrijf,polen
zedenmisdrijf,antillianen
zedenmisdrijf,grieken
zedenmisdrijf,spanje
zedenmisdrijf,italiaan
zedenmisdrijf,burger
zedenmisdrijf,marokkaans
zedenmisdrijf,somaliers
zedenmisdrijf,marokkanen
zedenmisdrijf,vluchtelingen
zedenmisdrijf,immigrant
verkrachtingen,westers
verkrachtingen,surinamer
verkrachtingen,vluchteling
verkrachtingen,pool
verkrachtingen,china
verkrachtingen,somalier
verkrachtingen,christenen
verkrachtingen,burgers
verkrachtingen,belgisch
verkrachtingen,expats
verkrachtingen,nederlanders
verkrachtingen,turken
verkrachtingen,moslims
verkrachtingen,nederlands
verkrachtingen,immigranten
verkrachtingen,allochtonen
verkrachtingen,duitser
verkrachtingen,afghaans
verkrachtingen,duits
verkrachtingen,christen
verkrachtingen,europeanen
verkrachtingen,arabisch
verkrachtingen,europees
verkrachtingen,turks
verkrachtingen,afghanen
verkrachtingen,antilliaan
verkrachtingen,antilliaans
verkrachtingen,griek
verkrachtingen,afghaan
verkrachtingen,belg
verkrachtingen,chinees
verkrachtingen,westerlingen
verkrachtingen,marokkaan
verkrachtingen,syrier
verkrachtingen,aziaat
verkrachtingen,arabier
verkrachtingen,expat
verkrachtingen,duitsers
verkrachtingen,allochtoon
verkrachtingen,azie
verkrachtingen,spanjaarden
verkrachtingen,syrisch
verkrachtingen,moslim
verkrachtingen,arabieren
verkrachtingen,surnaams
verkrachtingen,chinezen
verkrachtingen,turk
verkrachtingen,irakezen
verkrachtingen,aziaten
verkrachtingen,wij
verkrachtingen,migranten
verkrachtingen,italianen
verkrachtingen,spaans
verkrachtingen,nederlander
verkrachtingen,somalisch
verkrachtingen,fransen
verkrachtingen,ons
verkrachtingen,surinamers
verkrachtingen,italie
verkrachtingen,frans
verkrachtingen,frankrijk
verkrachtingen,belgen
verkrachtingen,syriers
verkrachtingen,migrant
verkrachtingen,irakees
verkrachtingen,polen
verkrachtingen,antillianen
verkrachtingen,grieken
verkrachtingen,spanje
verkrachtingen,italiaan
verkrachtingen,burger
verkrachtingen,marokkaans
verkrachtingen,somaliers
verkrachtingen,marokkanen
verkrachtingen,vluchtelingen
verkrachtingen,immigrant
seksuele_intimidatie,westers
seksuele_intimidatie,surinamer
seksuele_intimidatie,vluchteling
seksuele_intimidatie,pool
seksuele_intimidatie,china
seksuele_intimidatie,somalier
seksuele_intimidatie,christenen
seksuele_intimidatie,burgers
seksuele_intimidatie,belgisch
seksuele_intimidatie,expats
seksuele_intimidatie,nederlanders
seksuele_intimidatie,turken
seksuele_intimidatie,moslims
seksuele_intimidatie,nederlands
seksuele_intimidatie,immigranten
seksuele_intimidatie,allochtonen
seksuele_intimidatie,duitser
seksuele_intimidatie,afghaans
seksuele_intimidatie,duits
seksuele_intimidatie,christen
seksuele_intimidatie,europeanen
seksuele_intimidatie,arabisch
seksuele_intimidatie,europees
seksuele_intimidatie,turks
seksuele_intimidatie,afghanen
seksuele_intimidatie,antilliaan
seksuele_intimidatie,antilliaans
seksuele_intimidatie,griek
seksuele_intimidatie,afghaan
seksuele_intimidatie,belg
seksuele_intimidatie,chinees
seksuele_intimidatie,westerlingen
seksuele_intimidatie,marokkaan
seksuele_intimidatie,syrier
seksuele_intimidatie,aziaat
seksuele_intimidatie,arabier
seksuele_intimidatie,expat
seksuele_intimidatie,duitsers
seksuele_intimidatie,allochtoon
seksuele_intimidatie,azie
seksuele_intimidatie,spanjaarden
seksuele_intimidatie,syrisch
seksuele_intimidatie,moslim
seksuele_intimidatie,arabieren
seksuele_intimidatie,surnaams
seksuele_intimidatie,chinezen
seksuele_intimidatie,turk
seksuele_intimidatie,irakezen
seksuele_intimidatie,aziaten
seksuele_intimidatie,wij
seksuele_intimidatie,migranten
seksuele_intimidatie,italianen
seksuele_intimidatie,spaans
seksuele_intimidatie,nederlander
seksuele_intimidatie,somalisch
seksuele_intimidatie,fransen
seksuele_intimidatie,ons
seksuele_intimidatie,surinamers
seksuele_intimidatie,italie
seksuele_intimidatie,frans
seksuele_intimidatie,frankrijk
seksuele_intimidatie,belgen
seksuele_intimidatie,syriers
seksuele_intimidatie,migrant
seksuele_intimidatie,irakees
seksuele_intimidatie,polen
seksuele_intimidatie,antillianen
seksuele_intimidatie,grieken
seksuele_intimidatie,spanje
seksuele_intimidatie,italiaan
seksuele_intimidatie,burger
seksuele_intimidatie,marokkaans
seksuele_intimidatie,somaliers
seksuele_intimidatie,marokkanen
seksuele_intimidatie,vluchtelingen
seksuele_intimidatie,immigrant
groepsverkrachting,westers
groepsverkrachting,surinamer
groepsverkrachting,vluchteling
groepsverkrachting,pool
groepsverkrachting,china
groepsverkrachting,somalier
groepsverkrachting,christenen
groepsverkrachting,burgers
groepsverkrachting,belgisch
groepsverkrachting,expats
groepsverkrachting,nederlanders
groepsverkrachting,turken
groepsverkrachting,moslims
groepsverkrachting,nederlands
groepsverkrachting,immigranten
groepsverkrachting,allochtonen
groepsverkrachting,duitser
groepsverkrachting,afghaans
groepsverkrachting,duits
groepsverkrachting,christen
groepsverkrachting,europeanen
groepsverkrachting,arabisch
groepsverkrachting,europees
groepsverkrachting,turks
groepsverkrachting,afghanen
groepsverkrachting,antilliaan
groepsverkrachting,antilliaans
groepsverkrachting,griek
groepsverkrachting,afghaan
groepsverkrachting,belg
groepsverkrachting,chinees
groepsverkrachting,westerlingen
groepsverkrachting,marokkaan
groepsverkrachting,syrier
groepsverkrachting,aziaat
groepsverkrachting,arabier
groepsverkrachting,expat
groepsverkrachting,duitsers
groepsverkrachting,allochtoon
groepsverkrachting,azie
groepsverkrachting,spanjaarden
groepsverkrachting,syrisch
groepsverkrachting,moslim
groepsverkrachting,arabieren
groepsverkrachting,surnaams
groepsverkrachting,chinezen
groepsverkrachting,turk
groepsverkrachting,irakezen
groepsverkrachting,aziaten
groepsverkrachting,wij
groepsverkrachting,migranten
groepsverkrachting,italianen
groepsverkrachting,spaans
groepsverkrachting,nederlander
groepsverkrachting,somalisch
groepsverkrachting,fransen
groepsverkrachting,ons
groepsverkrachting,surinamers
groepsverkrachting,italie
groepsverkrachting,frans
groepsverkrachting,frankrijk
groepsverkrachting,belgen
groepsverkrachting,syriers
groepsverkrachting,migrant
groepsverkrachting,irakees
groepsverkrachting,polen
groepsverkrachting,antillianen
groepsverkrachting,grieken
groepsverkrachting,spanje
groepsverkrachting,italiaan
groepsverkrachting,burger
groepsverkrachting,marokkaans
groepsverkrachting,somaliers
groepsverkrachting,marokkanen
groepsverkrachting,vluchtelingen
groepsverkrachting,immigrant
handtastelijkheden,westers
handtastelijkheden,surinamer
handtastelijkheden,vluchteling
handtastelijkheden,pool
handtastelijkheden,china
handtastelijkheden,somalier
handtastelijkheden,christenen
handtastelijkheden,burgers
handtastelijkheden,belgisch
handtastelijkheden,expats
handtastelijkheden,nederlanders
handtastelijkheden,turken
handtastelijkheden,moslims
handtastelijkheden,nederlands
handtastelijkheden,immigranten
handtastelijkheden,allochtonen
handtastelijkheden,duitser
handtastelijkheden,afghaans
handtastelijkheden,duits
handtastelijkheden,christen
handtastelijkheden,europeanen
handtastelijkheden,arabisch
handtastelijkheden,europees
handtastelijkheden,turks
handtastelijkheden,afghanen
handtastelijkheden,antilliaan
handtastelijkheden,antilliaans
handtastelijkheden,griek
handtastelijkheden,afghaan
handtastelijkheden,belg
handtastelijkheden,chinees
handtastelijkheden,westerlingen
handtastelijkheden,marokkaan
handtastelijkheden,syrier
handtastelijkheden,aziaat
handtastelijkheden,arabier
handtastelijkheden,expat
handtastelijkheden,duitsers
handtastelijkheden,allochtoon
handtastelijkheden,azie
handtastelijkheden,spanjaarden
handtastelijkheden,syrisch
handtastelijkheden,moslim
handtastelijkheden,arabieren
handtastelijkheden,surnaams
handtastelijkheden,chinezen
handtastelijkheden,turk
handtastelijkheden,irakezen
handtastelijkheden,aziaten
handtastelijkheden,wij
handtastelijkheden,migranten
handtastelijkheden,italianen
handtastelijkheden,spaans
handtastelijkheden,nederlander
handtastelijkheden,somalisch
handtastelijkheden,fransen
handtastelijkheden,ons
handtastelijkheden,surinamers
handtastelijkheden,italie
handtastelijkheden,frans
handtastelijkheden,frankrijk
handtastelijkheden,belgen
handtastelijkheden,syriers
handtastelijkheden,migrant
handtastelijkheden,irakees
handtastelijkheden,polen
handtastelijkheden,antillianen
handtastelijkheden,grieken
handtastelijkheden,spanje
handtastelijkheden,italiaan
handtastelijkheden,burger
handtastelijkheden,marokkaans
handtastelijkheden,somaliers
handtastelijkheden,marokkanen
handtastelijkheden,vluchtelingen
handtastelijkheden,immigrant
seksueel_misbruik,westers
seksueel_misbruik,surinamer
seksueel_misbruik,vluchteling
seksueel_misbruik,pool
seksueel_misbruik,china
seksueel_misbruik,somalier
seksueel_misbruik,christenen
seksueel_misbruik,burgers
seksueel_misbruik,belgisch
seksueel_misbruik,expats
seksueel_misbruik,nederlanders
seksueel_misbruik,turken
seksueel_misbruik,moslims
seksueel_misbruik,nederlands
seksueel_misbruik,immigranten
seksueel_misbruik,allochtonen
seksueel_misbruik,duitser
seksueel_misbruik,afghaans
seksueel_misbruik,duits
seksueel_misbruik,christen
seksueel_misbruik,europeanen
seksueel_misbruik,arabisch
seksueel_misbruik,europees
seksueel_misbruik,turks
seksueel_misbruik,afghanen
seksueel_misbruik,antilliaan
seksueel_misbruik,antilliaans
seksueel_misbruik,griek
seksueel_misbruik,afghaan
seksueel_misbruik,belg
seksueel_misbruik,chinees
seksueel_misbruik,westerlingen
seksueel_misbruik,marokkaan
seksueel_misbruik,syrier
seksueel_misbruik,aziaat
seksueel_misbruik,arabier
seksueel_misbruik,expat
seksueel_misbruik,duitsers
seksueel_misbruik,allochtoon
seksueel_misbruik,azie
seksueel_misbruik,spanjaarden
seksueel_misbruik,syrisch
seksueel_misbruik,moslim
seksueel_misbruik,arabieren
seksueel_misbruik,surnaams
seksueel_misbruik,chinezen
seksueel_misbruik,turk
seksueel_misbruik,irakezen
seksueel_misbruik,aziaten
seksueel_misbruik,wij
seksueel_misbruik,migranten
seksueel_misbruik,italianen
seksueel_misbruik,spaans
seksueel_misbruik,nederlander
seksueel_misbruik,somalisch
seksueel_misbruik,fransen
seksueel_misbruik,ons
seksueel_misbruik,surinamers
seksueel_misbruik,italie
seksueel_misbruik,frans
seksueel_misbruik,frankrijk
seksueel_misbruik,belgen
seksueel_misbruik,syriers
seksueel_misbruik,migrant
seksueel_misbruik,irakees
seksueel_misbruik,polen
seksueel_misbruik,antillianen
seksueel_misbruik,grieken
seksueel_misbruik,spanje
seksueel_misbruik,italiaan
seksueel_misbruik,burger
seksueel_misbruik,marokkaans
seksueel_misbruik,somaliers
seksueel_misbruik,marokkanen
seksueel_misbruik,vluchtelingen
seksueel_misbruik,immigrant
groepsverkrachtingen,westers
groepsverkrachtingen,surinamer
groepsverkrachtingen,vluchteling
groepsverkrachtingen,pool
groepsverkrachtingen,china
groepsverkrachtingen,somalier
groepsverkrachtingen,christenen
groepsverkrachtingen,burgers
groepsverkrachtingen,belgisch
groepsverkrachtingen,expats
groepsverkrachtingen,nederlanders
groepsverkrachtingen,turken
groepsverkrachtingen,moslims
groepsverkrachtingen,nederlands
groepsverkrachtingen,immigranten
groepsverkrachtingen,allochtonen
groepsverkrachtingen,duitser
groepsverkrachtingen,afghaans
groepsverkrachtingen,duits
groepsverkrachtingen,christen
groepsverkrachtingen,europeanen
groepsverkrachtingen,arabisch
groepsverkrachtingen,europees
groepsverkrachtingen,turks
groepsverkrachtingen,afghanen
groepsverkrachtingen,antilliaan
groepsverkrachtingen,antilliaans
groepsverkrachtingen,griek
groepsverkrachtingen,afghaan
groepsverkrachtingen,belg
groepsverkrachtingen,chinees
groepsverkrachtingen,westerlingen
groepsverkrachtingen,marokkaan
groepsverkrachtingen,syrier
groepsverkrachtingen,aziaat
groepsverkrachtingen,arabier
groepsverkrachtingen,expat
groepsverkrachtingen,duitsers
groepsverkrachtingen,allochtoon
groepsverkrachtingen,azie
groepsverkrachtingen,spanjaarden
groepsverkrachtingen,syrisch
groepsverkrachtingen,moslim
groepsverkrachtingen,arabieren
groepsverkrachtingen,surnaams
groepsverkrachtingen,chinezen
groepsverkrachtingen,turk
groepsverkrachtingen,irakezen
groepsverkrachtingen,aziaten
groepsverkrachtingen,wij
groepsverkrachtingen,migranten
groepsverkrachtingen,italianen
groepsverkrachtingen,spaans
groepsverkrachtingen,nederlander
groepsverkrachtingen,somalisch
groepsverkrachtingen,fransen
groepsverkrachtingen,ons
groepsverkrachtingen,surinamers
groepsverkrachtingen,italie
groepsverkrachtingen,frans
groepsverkrachtingen,frankrijk
groepsverkrachtingen,belgen
groepsverkrachtingen,syriers
groepsverkrachtingen,migrant
groepsverkrachtingen,irakees
groepsverkrachtingen,polen
groepsverkrachtingen,antillianen
groepsverkrachtingen,grieken
groepsverkrachtingen,spanje
groepsverkrachtingen,italiaan
groepsverkrachtingen,burger
groepsverkrachtingen,marokkaans
groepsverkrachtingen,somaliers
groepsverkrachtingen,marokkanen
groepsverkrachtingen,vluchtelingen
groepsverkrachtingen,immigrant
