familie,moldavië
familie,finland
familie,azerbeidzjan
familie,san marino
familie,italië
familie,andorra
familie,bosnië en herzegovina
familie,servië
familie,faeröer
familie,griekenland
familie,malta
familie,verenigd koninkrijk
familie,albanië
familie,jersey
familie,luxemburg
familie,bulgarije
familie,ijsland
familie,hongarije
familie,tsjechië
familie,rusland[4]
familie,litouwen
familie,liechtenstein
familie,montenegro
familie,belgië
familie,wit-rusland
familie,azoren
familie,noorwegen
familie,turkije
familie,kroatië
familie,guernsey
familie,slovenië
familie,georgië
familie,spitsbergen
familie,zwitserland
familie,duitsland
familie,monaco
familie,gibraltar
familie,nederland
familie,vaticaanstad
familie,estland
familie,kosovo
familie,portugal
familie,slowakije
familie,frankrijk
familie,oekraïne
familie,oostenrijk
familie,noord-macedonië
familie,åland
familie,polen
familie,kazachstan
familie,man
familie,spanje
familie,letland
familie,zweden
familie,denemarken
familie,roemenië
familie,ierland
regenboog,moldavië
regenboog,finland
regenboog,azerbeidzjan
regenboog,san marino
regenboog,italië
regenboog,andorra
regenboog,bosnië en herzegovina
regenboog,servië
regenboog,faeröer
regenboog,griekenland
regenboog,malta
regenboog,verenigd koninkrijk
regenboog,albanië
regenboog,jersey
regenboog,luxemburg
regenboog,bulgarije
regenboog,ijsland
regenboog,hongarije
regenboog,tsjechië
regenboog,rusland[4]
regenboog,litouwen
regenboog,liechtenstein
regenboog,montenegro
regenboog,belgië
regenboog,wit-rusland
regenboog,azoren
regenboog,noorwegen
regenboog,turkije
regenboog,kroatië
regenboog,guernsey
regenboog,slovenië
regenboog,georgië
regenboog,spitsbergen
regenboog,zwitserland
regenboog,duitsland
regenboog,monaco
regenboog,gibraltar
regenboog,nederland
regenboog,vaticaanstad
regenboog,estland
regenboog,kosovo
regenboog,portugal
regenboog,slowakije
regenboog,frankrijk
regenboog,oekraïne
regenboog,oostenrijk
regenboog,noord-macedonië
regenboog,åland
regenboog,polen
regenboog,kazachstan
regenboog,man
regenboog,spanje
regenboog,letland
regenboog,zweden
regenboog,denemarken
regenboog,roemenië
regenboog,ierland
zachtaardig,moldavië
zachtaardig,finland
zachtaardig,azerbeidzjan
zachtaardig,san marino
zachtaardig,italië
zachtaardig,andorra
zachtaardig,bosnië en herzegovina
zachtaardig,servië
zachtaardig,faeröer
zachtaardig,griekenland
zachtaardig,malta
zachtaardig,verenigd koninkrijk
zachtaardig,albanië
zachtaardig,jersey
zachtaardig,luxemburg
zachtaardig,bulgarije
zachtaardig,ijsland
zachtaardig,hongarije
zachtaardig,tsjechië
zachtaardig,rusland[4]
zachtaardig,litouwen
zachtaardig,liechtenstein
zachtaardig,montenegro
zachtaardig,belgië
zachtaardig,wit-rusland
zachtaardig,azoren
zachtaardig,noorwegen
zachtaardig,turkije
zachtaardig,kroatië
zachtaardig,guernsey
zachtaardig,slovenië
zachtaardig,georgië
zachtaardig,spitsbergen
zachtaardig,zwitserland
zachtaardig,duitsland
zachtaardig,monaco
zachtaardig,gibraltar
zachtaardig,nederland
zachtaardig,vaticaanstad
zachtaardig,estland
zachtaardig,kosovo
zachtaardig,portugal
zachtaardig,slowakije
zachtaardig,frankrijk
zachtaardig,oekraïne
zachtaardig,oostenrijk
zachtaardig,noord-macedonië
zachtaardig,åland
zachtaardig,polen
zachtaardig,kazachstan
zachtaardig,man
zachtaardig,spanje
zachtaardig,letland
zachtaardig,zweden
zachtaardig,denemarken
zachtaardig,roemenië
zachtaardig,ierland
plezier,moldavië
plezier,finland
plezier,azerbeidzjan
plezier,san marino
plezier,italië
plezier,andorra
plezier,bosnië en herzegovina
plezier,servië
plezier,faeröer
plezier,griekenland
plezier,malta
plezier,verenigd koninkrijk
plezier,albanië
plezier,jersey
plezier,luxemburg
plezier,bulgarije
plezier,ijsland
plezier,hongarije
plezier,tsjechië
plezier,rusland[4]
plezier,litouwen
plezier,liechtenstein
plezier,montenegro
plezier,belgië
plezier,wit-rusland
plezier,azoren
plezier,noorwegen
plezier,turkije
plezier,kroatië
plezier,guernsey
plezier,slovenië
plezier,georgië
plezier,spitsbergen
plezier,zwitserland
plezier,duitsland
plezier,monaco
plezier,gibraltar
plezier,nederland
plezier,vaticaanstad
plezier,estland
plezier,kosovo
plezier,portugal
plezier,slowakije
plezier,frankrijk
plezier,oekraïne
plezier,oostenrijk
plezier,noord-macedonië
plezier,åland
plezier,polen
plezier,kazachstan
plezier,man
plezier,spanje
plezier,letland
plezier,zweden
plezier,denemarken
plezier,roemenië
plezier,ierland
eerlijk,moldavië
eerlijk,finland
eerlijk,azerbeidzjan
eerlijk,san marino
eerlijk,italië
eerlijk,andorra
eerlijk,bosnië en herzegovina
eerlijk,servië
eerlijk,faeröer
eerlijk,griekenland
eerlijk,malta
eerlijk,verenigd koninkrijk
eerlijk,albanië
eerlijk,jersey
eerlijk,luxemburg
eerlijk,bulgarije
eerlijk,ijsland
eerlijk,hongarije
eerlijk,tsjechië
eerlijk,rusland[4]
eerlijk,litouwen
eerlijk,liechtenstein
eerlijk,montenegro
eerlijk,belgië
eerlijk,wit-rusland
eerlijk,azoren
eerlijk,noorwegen
eerlijk,turkije
eerlijk,kroatië
eerlijk,guernsey
eerlijk,slovenië
eerlijk,georgië
eerlijk,spitsbergen
eerlijk,zwitserland
eerlijk,duitsland
eerlijk,monaco
eerlijk,gibraltar
eerlijk,nederland
eerlijk,vaticaanstad
eerlijk,estland
eerlijk,kosovo
eerlijk,portugal
eerlijk,slowakije
eerlijk,frankrijk
eerlijk,oekraïne
eerlijk,oostenrijk
eerlijk,noord-macedonië
eerlijk,åland
eerlijk,polen
eerlijk,kazachstan
eerlijk,man
eerlijk,spanje
eerlijk,letland
eerlijk,zweden
eerlijk,denemarken
eerlijk,roemenië
eerlijk,ierland
eer,moldavië
eer,finland
eer,azerbeidzjan
eer,san marino
eer,italië
eer,andorra
eer,bosnië en herzegovina
eer,servië
eer,faeröer
eer,griekenland
eer,malta
eer,verenigd koninkrijk
eer,albanië
eer,jersey
eer,luxemburg
eer,bulgarije
eer,ijsland
eer,hongarije
eer,tsjechië
eer,rusland[4]
eer,litouwen
eer,liechtenstein
eer,montenegro
eer,belgië
eer,wit-rusland
eer,azoren
eer,noorwegen
eer,turkije
eer,kroatië
eer,guernsey
eer,slovenië
eer,georgië
eer,spitsbergen
eer,zwitserland
eer,duitsland
eer,monaco
eer,gibraltar
eer,nederland
eer,vaticaanstad
eer,estland
eer,kosovo
eer,portugal
eer,slowakije
eer,frankrijk
eer,oekraïne
eer,oostenrijk
eer,noord-macedonië
eer,åland
eer,polen
eer,kazachstan
eer,man
eer,spanje
eer,letland
eer,zweden
eer,denemarken
eer,roemenië
eer,ierland
vrede,moldavië
vrede,finland
vrede,azerbeidzjan
vrede,san marino
vrede,italië
vrede,andorra
vrede,bosnië en herzegovina
vrede,servië
vrede,faeröer
vrede,griekenland
vrede,malta
vrede,verenigd koninkrijk
vrede,albanië
vrede,jersey
vrede,luxemburg
vrede,bulgarije
vrede,ijsland
vrede,hongarije
vrede,tsjechië
vrede,rusland[4]
vrede,litouwen
vrede,liechtenstein
vrede,montenegro
vrede,belgië
vrede,wit-rusland
vrede,azoren
vrede,noorwegen
vrede,turkije
vrede,kroatië
vrede,guernsey
vrede,slovenië
vrede,georgië
vrede,spitsbergen
vrede,zwitserland
vrede,duitsland
vrede,monaco
vrede,gibraltar
vrede,nederland
vrede,vaticaanstad
vrede,estland
vrede,kosovo
vrede,portugal
vrede,slowakije
vrede,frankrijk
vrede,oekraïne
vrede,oostenrijk
vrede,noord-macedonië
vrede,åland
vrede,polen
vrede,kazachstan
vrede,man
vrede,spanje
vrede,letland
vrede,zweden
vrede,denemarken
vrede,roemenië
vrede,ierland
hemel,moldavië
hemel,finland
hemel,azerbeidzjan
hemel,san marino
hemel,italië
hemel,andorra
hemel,bosnië en herzegovina
hemel,servië
hemel,faeröer
hemel,griekenland
hemel,malta
hemel,verenigd koninkrijk
hemel,albanië
hemel,jersey
hemel,luxemburg
hemel,bulgarije
hemel,ijsland
hemel,hongarije
hemel,tsjechië
hemel,rusland[4]
hemel,litouwen
hemel,liechtenstein
hemel,montenegro
hemel,belgië
hemel,wit-rusland
hemel,azoren
hemel,noorwegen
hemel,turkije
hemel,kroatië
hemel,guernsey
hemel,slovenië
hemel,georgië
hemel,spitsbergen
hemel,zwitserland
hemel,duitsland
hemel,monaco
hemel,gibraltar
hemel,nederland
hemel,vaticaanstad
hemel,estland
hemel,kosovo
hemel,portugal
hemel,slowakije
hemel,frankrijk
hemel,oekraïne
hemel,oostenrijk
hemel,noord-macedonië
hemel,åland
hemel,polen
hemel,kazachstan
hemel,man
hemel,spanje
hemel,letland
hemel,zweden
hemel,denemarken
hemel,roemenië
hemel,ierland
gejuich,moldavië
gejuich,finland
gejuich,azerbeidzjan
gejuich,san marino
gejuich,italië
gejuich,andorra
gejuich,bosnië en herzegovina
gejuich,servië
gejuich,faeröer
gejuich,griekenland
gejuich,malta
gejuich,verenigd koninkrijk
gejuich,albanië
gejuich,jersey
gejuich,luxemburg
gejuich,bulgarije
gejuich,ijsland
gejuich,hongarije
gejuich,tsjechië
gejuich,rusland[4]
gejuich,litouwen
gejuich,liechtenstein
gejuich,montenegro
gejuich,belgië
gejuich,wit-rusland
gejuich,azoren
gejuich,noorwegen
gejuich,turkije
gejuich,kroatië
gejuich,guernsey
gejuich,slovenië
gejuich,georgië
gejuich,spitsbergen
gejuich,zwitserland
gejuich,duitsland
gejuich,monaco
gejuich,gibraltar
gejuich,nederland
gejuich,vaticaanstad
gejuich,estland
gejuich,kosovo
gejuich,portugal
gejuich,slowakije
gejuich,frankrijk
gejuich,oekraïne
gejuich,oostenrijk
gejuich,noord-macedonië
gejuich,åland
gejuich,polen
gejuich,kazachstan
gejuich,man
gejuich,spanje
gejuich,letland
gejuich,zweden
gejuich,denemarken
gejuich,roemenië
gejuich,ierland
loyaal,moldavië
loyaal,finland
loyaal,azerbeidzjan
loyaal,san marino
loyaal,italië
loyaal,andorra
loyaal,bosnië en herzegovina
loyaal,servië
loyaal,faeröer
loyaal,griekenland
loyaal,malta
loyaal,verenigd koninkrijk
loyaal,albanië
loyaal,jersey
loyaal,luxemburg
loyaal,bulgarije
loyaal,ijsland
loyaal,hongarije
loyaal,tsjechië
loyaal,rusland[4]
loyaal,litouwen
loyaal,liechtenstein
loyaal,montenegro
loyaal,belgië
loyaal,wit-rusland
loyaal,azoren
loyaal,noorwegen
loyaal,turkije
loyaal,kroatië
loyaal,guernsey
loyaal,slovenië
loyaal,georgië
loyaal,spitsbergen
loyaal,zwitserland
loyaal,duitsland
loyaal,monaco
loyaal,gibraltar
loyaal,nederland
loyaal,vaticaanstad
loyaal,estland
loyaal,kosovo
loyaal,portugal
loyaal,slowakije
loyaal,frankrijk
loyaal,oekraïne
loyaal,oostenrijk
loyaal,noord-macedonië
loyaal,åland
loyaal,polen
loyaal,kazachstan
loyaal,man
loyaal,spanje
loyaal,letland
loyaal,zweden
loyaal,denemarken
loyaal,roemenië
loyaal,ierland
liefde,moldavië
liefde,finland
liefde,azerbeidzjan
liefde,san marino
liefde,italië
liefde,andorra
liefde,bosnië en herzegovina
liefde,servië
liefde,faeröer
liefde,griekenland
liefde,malta
liefde,verenigd koninkrijk
liefde,albanië
liefde,jersey
liefde,luxemburg
liefde,bulgarije
liefde,ijsland
liefde,hongarije
liefde,tsjechië
liefde,rusland[4]
liefde,litouwen
liefde,liechtenstein
liefde,montenegro
liefde,belgië
liefde,wit-rusland
liefde,azoren
liefde,noorwegen
liefde,turkije
liefde,kroatië
liefde,guernsey
liefde,slovenië
liefde,georgië
liefde,spitsbergen
liefde,zwitserland
liefde,duitsland
liefde,monaco
liefde,gibraltar
liefde,nederland
liefde,vaticaanstad
liefde,estland
liefde,kosovo
liefde,portugal
liefde,slowakije
liefde,frankrijk
liefde,oekraïne
liefde,oostenrijk
liefde,noord-macedonië
liefde,åland
liefde,polen
liefde,kazachstan
liefde,man
liefde,spanje
liefde,letland
liefde,zweden
liefde,denemarken
liefde,roemenië
liefde,ierland
vriend,moldavië
vriend,finland
vriend,azerbeidzjan
vriend,san marino
vriend,italië
vriend,andorra
vriend,bosnië en herzegovina
vriend,servië
vriend,faeröer
vriend,griekenland
vriend,malta
vriend,verenigd koninkrijk
vriend,albanië
vriend,jersey
vriend,luxemburg
vriend,bulgarije
vriend,ijsland
vriend,hongarije
vriend,tsjechië
vriend,rusland[4]
vriend,litouwen
vriend,liechtenstein
vriend,montenegro
vriend,belgië
vriend,wit-rusland
vriend,azoren
vriend,noorwegen
vriend,turkije
vriend,kroatië
vriend,guernsey
vriend,slovenië
vriend,georgië
vriend,spitsbergen
vriend,zwitserland
vriend,duitsland
vriend,monaco
vriend,gibraltar
vriend,nederland
vriend,vaticaanstad
vriend,estland
vriend,kosovo
vriend,portugal
vriend,slowakije
vriend,frankrijk
vriend,oekraïne
vriend,oostenrijk
vriend,noord-macedonië
vriend,åland
vriend,polen
vriend,kazachstan
vriend,man
vriend,spanje
vriend,letland
vriend,zweden
vriend,denemarken
vriend,roemenië
vriend,ierland
geschenk,moldavië
geschenk,finland
geschenk,azerbeidzjan
geschenk,san marino
geschenk,italië
geschenk,andorra
geschenk,bosnië en herzegovina
geschenk,servië
geschenk,faeröer
geschenk,griekenland
geschenk,malta
geschenk,verenigd koninkrijk
geschenk,albanië
geschenk,jersey
geschenk,luxemburg
geschenk,bulgarije
geschenk,ijsland
geschenk,hongarije
geschenk,tsjechië
geschenk,rusland[4]
geschenk,litouwen
geschenk,liechtenstein
geschenk,montenegro
geschenk,belgië
geschenk,wit-rusland
geschenk,azoren
geschenk,noorwegen
geschenk,turkije
geschenk,kroatië
geschenk,guernsey
geschenk,slovenië
geschenk,georgië
geschenk,spitsbergen
geschenk,zwitserland
geschenk,duitsland
geschenk,monaco
geschenk,gibraltar
geschenk,nederland
geschenk,vaticaanstad
geschenk,estland
geschenk,kosovo
geschenk,portugal
geschenk,slowakije
geschenk,frankrijk
geschenk,oekraïne
geschenk,oostenrijk
geschenk,noord-macedonië
geschenk,åland
geschenk,polen
geschenk,kazachstan
geschenk,man
geschenk,spanje
geschenk,letland
geschenk,zweden
geschenk,denemarken
geschenk,roemenië
geschenk,ierland
diamant,moldavië
diamant,finland
diamant,azerbeidzjan
diamant,san marino
diamant,italië
diamant,andorra
diamant,bosnië en herzegovina
diamant,servië
diamant,faeröer
diamant,griekenland
diamant,malta
diamant,verenigd koninkrijk
diamant,albanië
diamant,jersey
diamant,luxemburg
diamant,bulgarije
diamant,ijsland
diamant,hongarije
diamant,tsjechië
diamant,rusland[4]
diamant,litouwen
diamant,liechtenstein
diamant,montenegro
diamant,belgië
diamant,wit-rusland
diamant,azoren
diamant,noorwegen
diamant,turkije
diamant,kroatië
diamant,guernsey
diamant,slovenië
diamant,georgië
diamant,spitsbergen
diamant,zwitserland
diamant,duitsland
diamant,monaco
diamant,gibraltar
diamant,nederland
diamant,vaticaanstad
diamant,estland
diamant,kosovo
diamant,portugal
diamant,slowakije
diamant,frankrijk
diamant,oekraïne
diamant,oostenrijk
diamant,noord-macedonië
diamant,åland
diamant,polen
diamant,kazachstan
diamant,man
diamant,spanje
diamant,letland
diamant,zweden
diamant,denemarken
diamant,roemenië
diamant,ierland
gelukkig,moldavië
gelukkig,finland
gelukkig,azerbeidzjan
gelukkig,san marino
gelukkig,italië
gelukkig,andorra
gelukkig,bosnië en herzegovina
gelukkig,servië
gelukkig,faeröer
gelukkig,griekenland
gelukkig,malta
gelukkig,verenigd koninkrijk
gelukkig,albanië
gelukkig,jersey
gelukkig,luxemburg
gelukkig,bulgarije
gelukkig,ijsland
gelukkig,hongarije
gelukkig,tsjechië
gelukkig,rusland[4]
gelukkig,litouwen
gelukkig,liechtenstein
gelukkig,montenegro
gelukkig,belgië
gelukkig,wit-rusland
gelukkig,azoren
gelukkig,noorwegen
gelukkig,turkije
gelukkig,kroatië
gelukkig,guernsey
gelukkig,slovenië
gelukkig,georgië
gelukkig,spitsbergen
gelukkig,zwitserland
gelukkig,duitsland
gelukkig,monaco
gelukkig,gibraltar
gelukkig,nederland
gelukkig,vaticaanstad
gelukkig,estland
gelukkig,kosovo
gelukkig,portugal
gelukkig,slowakije
gelukkig,frankrijk
gelukkig,oekraïne
gelukkig,oostenrijk
gelukkig,noord-macedonië
gelukkig,åland
gelukkig,polen
gelukkig,kazachstan
gelukkig,man
gelukkig,spanje
gelukkig,letland
gelukkig,zweden
gelukkig,denemarken
gelukkig,roemenië
gelukkig,ierland
gezondheid,moldavië
gezondheid,finland
gezondheid,azerbeidzjan
gezondheid,san marino
gezondheid,italië
gezondheid,andorra
gezondheid,bosnië en herzegovina
gezondheid,servië
gezondheid,faeröer
gezondheid,griekenland
gezondheid,malta
gezondheid,verenigd koninkrijk
gezondheid,albanië
gezondheid,jersey
gezondheid,luxemburg
gezondheid,bulgarije
gezondheid,ijsland
gezondheid,hongarije
gezondheid,tsjechië
gezondheid,rusland[4]
gezondheid,litouwen
gezondheid,liechtenstein
gezondheid,montenegro
gezondheid,belgië
gezondheid,wit-rusland
gezondheid,azoren
gezondheid,noorwegen
gezondheid,turkije
gezondheid,kroatië
gezondheid,guernsey
gezondheid,slovenië
gezondheid,georgië
gezondheid,spitsbergen
gezondheid,zwitserland
gezondheid,duitsland
gezondheid,monaco
gezondheid,gibraltar
gezondheid,nederland
gezondheid,vaticaanstad
gezondheid,estland
gezondheid,kosovo
gezondheid,portugal
gezondheid,slowakije
gezondheid,frankrijk
gezondheid,oekraïne
gezondheid,oostenrijk
gezondheid,noord-macedonië
gezondheid,åland
gezondheid,polen
gezondheid,kazachstan
gezondheid,man
gezondheid,spanje
gezondheid,letland
gezondheid,zweden
gezondheid,denemarken
gezondheid,roemenië
gezondheid,ierland
diploma,moldavië
diploma,finland
diploma,azerbeidzjan
diploma,san marino
diploma,italië
diploma,andorra
diploma,bosnië en herzegovina
diploma,servië
diploma,faeröer
diploma,griekenland
diploma,malta
diploma,verenigd koninkrijk
diploma,albanië
diploma,jersey
diploma,luxemburg
diploma,bulgarije
diploma,ijsland
diploma,hongarije
diploma,tsjechië
diploma,rusland[4]
diploma,litouwen
diploma,liechtenstein
diploma,montenegro
diploma,belgië
diploma,wit-rusland
diploma,azoren
diploma,noorwegen
diploma,turkije
diploma,kroatië
diploma,guernsey
diploma,slovenië
diploma,georgië
diploma,spitsbergen
diploma,zwitserland
diploma,duitsland
diploma,monaco
diploma,gibraltar
diploma,nederland
diploma,vaticaanstad
diploma,estland
diploma,kosovo
diploma,portugal
diploma,slowakije
diploma,frankrijk
diploma,oekraïne
diploma,oostenrijk
diploma,noord-macedonië
diploma,åland
diploma,polen
diploma,kazachstan
diploma,man
diploma,spanje
diploma,letland
diploma,zweden
diploma,denemarken
diploma,roemenië
diploma,ierland
paradijs,moldavië
paradijs,finland
paradijs,azerbeidzjan
paradijs,san marino
paradijs,italië
paradijs,andorra
paradijs,bosnië en herzegovina
paradijs,servië
paradijs,faeröer
paradijs,griekenland
paradijs,malta
paradijs,verenigd koninkrijk
paradijs,albanië
paradijs,jersey
paradijs,luxemburg
paradijs,bulgarije
paradijs,ijsland
paradijs,hongarije
paradijs,tsjechië
paradijs,rusland[4]
paradijs,litouwen
paradijs,liechtenstein
paradijs,montenegro
paradijs,belgië
paradijs,wit-rusland
paradijs,azoren
paradijs,noorwegen
paradijs,turkije
paradijs,kroatië
paradijs,guernsey
paradijs,slovenië
paradijs,georgië
paradijs,spitsbergen
paradijs,zwitserland
paradijs,duitsland
paradijs,monaco
paradijs,gibraltar
paradijs,nederland
paradijs,vaticaanstad
paradijs,estland
paradijs,kosovo
paradijs,portugal
paradijs,slowakije
paradijs,frankrijk
paradijs,oekraïne
paradijs,oostenrijk
paradijs,noord-macedonië
paradijs,åland
paradijs,polen
paradijs,kazachstan
paradijs,man
paradijs,spanje
paradijs,letland
paradijs,zweden
paradijs,denemarken
paradijs,roemenië
paradijs,ierland
wonder,moldavië
wonder,finland
wonder,azerbeidzjan
wonder,san marino
wonder,italië
wonder,andorra
wonder,bosnië en herzegovina
wonder,servië
wonder,faeröer
wonder,griekenland
wonder,malta
wonder,verenigd koninkrijk
wonder,albanië
wonder,jersey
wonder,luxemburg
wonder,bulgarije
wonder,ijsland
wonder,hongarije
wonder,tsjechië
wonder,rusland[4]
wonder,litouwen
wonder,liechtenstein
wonder,montenegro
wonder,belgië
wonder,wit-rusland
wonder,azoren
wonder,noorwegen
wonder,turkije
wonder,kroatië
wonder,guernsey
wonder,slovenië
wonder,georgië
wonder,spitsbergen
wonder,zwitserland
wonder,duitsland
wonder,monaco
wonder,gibraltar
wonder,nederland
wonder,vaticaanstad
wonder,estland
wonder,kosovo
wonder,portugal
wonder,slowakije
wonder,frankrijk
wonder,oekraïne
wonder,oostenrijk
wonder,noord-macedonië
wonder,åland
wonder,polen
wonder,kazachstan
wonder,man
wonder,spanje
wonder,letland
wonder,zweden
wonder,denemarken
wonder,roemenië
wonder,ierland
zonsopgang,moldavië
zonsopgang,finland
zonsopgang,azerbeidzjan
zonsopgang,san marino
zonsopgang,italië
zonsopgang,andorra
zonsopgang,bosnië en herzegovina
zonsopgang,servië
zonsopgang,faeröer
zonsopgang,griekenland
zonsopgang,malta
zonsopgang,verenigd koninkrijk
zonsopgang,albanië
zonsopgang,jersey
zonsopgang,luxemburg
zonsopgang,bulgarije
zonsopgang,ijsland
zonsopgang,hongarije
zonsopgang,tsjechië
zonsopgang,rusland[4]
zonsopgang,litouwen
zonsopgang,liechtenstein
zonsopgang,montenegro
zonsopgang,belgië
zonsopgang,wit-rusland
zonsopgang,azoren
zonsopgang,noorwegen
zonsopgang,turkije
zonsopgang,kroatië
zonsopgang,guernsey
zonsopgang,slovenië
zonsopgang,georgië
zonsopgang,spitsbergen
zonsopgang,zwitserland
zonsopgang,duitsland
zonsopgang,monaco
zonsopgang,gibraltar
zonsopgang,nederland
zonsopgang,vaticaanstad
zonsopgang,estland
zonsopgang,kosovo
zonsopgang,portugal
zonsopgang,slowakije
zonsopgang,frankrijk
zonsopgang,oekraïne
zonsopgang,oostenrijk
zonsopgang,noord-macedonië
zonsopgang,åland
zonsopgang,polen
zonsopgang,kazachstan
zonsopgang,man
zonsopgang,spanje
zonsopgang,letland
zonsopgang,zweden
zonsopgang,denemarken
zonsopgang,roemenië
zonsopgang,ierland
gelach,moldavië
gelach,finland
gelach,azerbeidzjan
gelach,san marino
gelach,italië
gelach,andorra
gelach,bosnië en herzegovina
gelach,servië
gelach,faeröer
gelach,griekenland
gelach,malta
gelach,verenigd koninkrijk
gelach,albanië
gelach,jersey
gelach,luxemburg
gelach,bulgarije
gelach,ijsland
gelach,hongarije
gelach,tsjechië
gelach,rusland[4]
gelach,litouwen
gelach,liechtenstein
gelach,montenegro
gelach,belgië
gelach,wit-rusland
gelach,azoren
gelach,noorwegen
gelach,turkije
gelach,kroatië
gelach,guernsey
gelach,slovenië
gelach,georgië
gelach,spitsbergen
gelach,zwitserland
gelach,duitsland
gelach,monaco
gelach,gibraltar
gelach,nederland
gelach,vaticaanstad
gelach,estland
gelach,kosovo
gelach,portugal
gelach,slowakije
gelach,frankrijk
gelach,oekraïne
gelach,oostenrijk
gelach,noord-macedonië
gelach,åland
gelach,polen
gelach,kazachstan
gelach,man
gelach,spanje
gelach,letland
gelach,zweden
gelach,denemarken
gelach,roemenië
gelach,ierland
vakantie,moldavië
vakantie,finland
vakantie,azerbeidzjan
vakantie,san marino
vakantie,italië
vakantie,andorra
vakantie,bosnië en herzegovina
vakantie,servië
vakantie,faeröer
vakantie,griekenland
vakantie,malta
vakantie,verenigd koninkrijk
vakantie,albanië
vakantie,jersey
vakantie,luxemburg
vakantie,bulgarije
vakantie,ijsland
vakantie,hongarije
vakantie,tsjechië
vakantie,rusland[4]
vakantie,litouwen
vakantie,liechtenstein
vakantie,montenegro
vakantie,belgië
vakantie,wit-rusland
vakantie,azoren
vakantie,noorwegen
vakantie,turkije
vakantie,kroatië
vakantie,guernsey
vakantie,slovenië
vakantie,georgië
vakantie,spitsbergen
vakantie,zwitserland
vakantie,duitsland
vakantie,monaco
vakantie,gibraltar
vakantie,nederland
vakantie,vaticaanstad
vakantie,estland
vakantie,kosovo
vakantie,portugal
vakantie,slowakije
vakantie,frankrijk
vakantie,oekraïne
vakantie,oostenrijk
vakantie,noord-macedonië
vakantie,åland
vakantie,polen
vakantie,kazachstan
vakantie,man
vakantie,spanje
vakantie,letland
vakantie,zweden
vakantie,denemarken
vakantie,roemenië
vakantie,ierland
vrijheid,moldavië
vrijheid,finland
vrijheid,azerbeidzjan
vrijheid,san marino
vrijheid,italië
vrijheid,andorra
vrijheid,bosnië en herzegovina
vrijheid,servië
vrijheid,faeröer
vrijheid,griekenland
vrijheid,malta
vrijheid,verenigd koninkrijk
vrijheid,albanië
vrijheid,jersey
vrijheid,luxemburg
vrijheid,bulgarije
vrijheid,ijsland
vrijheid,hongarije
vrijheid,tsjechië
vrijheid,rusland[4]
vrijheid,litouwen
vrijheid,liechtenstein
vrijheid,montenegro
vrijheid,belgië
vrijheid,wit-rusland
vrijheid,azoren
vrijheid,noorwegen
vrijheid,turkije
vrijheid,kroatië
vrijheid,guernsey
vrijheid,slovenië
vrijheid,georgië
vrijheid,spitsbergen
vrijheid,zwitserland
vrijheid,duitsland
vrijheid,monaco
vrijheid,gibraltar
vrijheid,nederland
vrijheid,vaticaanstad
vrijheid,estland
vrijheid,kosovo
vrijheid,portugal
vrijheid,slowakije
vrijheid,frankrijk
vrijheid,oekraïne
vrijheid,oostenrijk
vrijheid,noord-macedonië
vrijheid,åland
vrijheid,polen
vrijheid,kazachstan
vrijheid,man
vrijheid,spanje
vrijheid,letland
vrijheid,zweden
vrijheid,denemarken
vrijheid,roemenië
vrijheid,ierland
