familie,westers
familie,surinamer
familie,vluchteling
familie,pool
familie,china
familie,somalier
familie,christenen
familie,burgers
familie,belgisch
familie,expats
familie,nederlanders
familie,turken
familie,moslims
familie,nederlands
familie,immigranten
familie,allochtonen
familie,duitser
familie,afghaans
familie,duits
familie,christen
familie,europeanen
familie,arabisch
familie,europees
familie,turks
familie,afghanen
familie,antilliaan
familie,antilliaans
familie,griek
familie,afghaan
familie,belg
familie,chinees
familie,westerlingen
familie,marokkaan
familie,syrier
familie,aziaat
familie,arabier
familie,expat
familie,duitsers
familie,allochtoon
familie,azie
familie,spanjaarden
familie,syrisch
familie,moslim
familie,arabieren
familie,surnaams
familie,chinezen
familie,turk
familie,irakezen
familie,aziaten
familie,wij
familie,migranten
familie,italianen
familie,spaans
familie,nederlander
familie,somalisch
familie,fransen
familie,ons
familie,surinamers
familie,italie
familie,frans
familie,frankrijk
familie,belgen
familie,syriers
familie,migrant
familie,irakees
familie,polen
familie,antillianen
familie,grieken
familie,spanje
familie,italiaan
familie,burger
familie,marokkaans
familie,somaliers
familie,marokkanen
familie,vluchtelingen
familie,immigrant
regenboog,westers
regenboog,surinamer
regenboog,vluchteling
regenboog,pool
regenboog,china
regenboog,somalier
regenboog,christenen
regenboog,burgers
regenboog,belgisch
regenboog,expats
regenboog,nederlanders
regenboog,turken
regenboog,moslims
regenboog,nederlands
regenboog,immigranten
regenboog,allochtonen
regenboog,duitser
regenboog,afghaans
regenboog,duits
regenboog,christen
regenboog,europeanen
regenboog,arabisch
regenboog,europees
regenboog,turks
regenboog,afghanen
regenboog,antilliaan
regenboog,antilliaans
regenboog,griek
regenboog,afghaan
regenboog,belg
regenboog,chinees
regenboog,westerlingen
regenboog,marokkaan
regenboog,syrier
regenboog,aziaat
regenboog,arabier
regenboog,expat
regenboog,duitsers
regenboog,allochtoon
regenboog,azie
regenboog,spanjaarden
regenboog,syrisch
regenboog,moslim
regenboog,arabieren
regenboog,surnaams
regenboog,chinezen
regenboog,turk
regenboog,irakezen
regenboog,aziaten
regenboog,wij
regenboog,migranten
regenboog,italianen
regenboog,spaans
regenboog,nederlander
regenboog,somalisch
regenboog,fransen
regenboog,ons
regenboog,surinamers
regenboog,italie
regenboog,frans
regenboog,frankrijk
regenboog,belgen
regenboog,syriers
regenboog,migrant
regenboog,irakees
regenboog,polen
regenboog,antillianen
regenboog,grieken
regenboog,spanje
regenboog,italiaan
regenboog,burger
regenboog,marokkaans
regenboog,somaliers
regenboog,marokkanen
regenboog,vluchtelingen
regenboog,immigrant
zachtaardig,westers
zachtaardig,surinamer
zachtaardig,vluchteling
zachtaardig,pool
zachtaardig,china
zachtaardig,somalier
zachtaardig,christenen
zachtaardig,burgers
zachtaardig,belgisch
zachtaardig,expats
zachtaardig,nederlanders
zachtaardig,turken
zachtaardig,moslims
zachtaardig,nederlands
zachtaardig,immigranten
zachtaardig,allochtonen
zachtaardig,duitser
zachtaardig,afghaans
zachtaardig,duits
zachtaardig,christen
zachtaardig,europeanen
zachtaardig,arabisch
zachtaardig,europees
zachtaardig,turks
zachtaardig,afghanen
zachtaardig,antilliaan
zachtaardig,antilliaans
zachtaardig,griek
zachtaardig,afghaan
zachtaardig,belg
zachtaardig,chinees
zachtaardig,westerlingen
zachtaardig,marokkaan
zachtaardig,syrier
zachtaardig,aziaat
zachtaardig,arabier
zachtaardig,expat
zachtaardig,duitsers
zachtaardig,allochtoon
zachtaardig,azie
zachtaardig,spanjaarden
zachtaardig,syrisch
zachtaardig,moslim
zachtaardig,arabieren
zachtaardig,surnaams
zachtaardig,chinezen
zachtaardig,turk
zachtaardig,irakezen
zachtaardig,aziaten
zachtaardig,wij
zachtaardig,migranten
zachtaardig,italianen
zachtaardig,spaans
zachtaardig,nederlander
zachtaardig,somalisch
zachtaardig,fransen
zachtaardig,ons
zachtaardig,surinamers
zachtaardig,italie
zachtaardig,frans
zachtaardig,frankrijk
zachtaardig,belgen
zachtaardig,syriers
zachtaardig,migrant
zachtaardig,irakees
zachtaardig,polen
zachtaardig,antillianen
zachtaardig,grieken
zachtaardig,spanje
zachtaardig,italiaan
zachtaardig,burger
zachtaardig,marokkaans
zachtaardig,somaliers
zachtaardig,marokkanen
zachtaardig,vluchtelingen
zachtaardig,immigrant
plezier,westers
plezier,surinamer
plezier,vluchteling
plezier,pool
plezier,china
plezier,somalier
plezier,christenen
plezier,burgers
plezier,belgisch
plezier,expats
plezier,nederlanders
plezier,turken
plezier,moslims
plezier,nederlands
plezier,immigranten
plezier,allochtonen
plezier,duitser
plezier,afghaans
plezier,duits
plezier,christen
plezier,europeanen
plezier,arabisch
plezier,europees
plezier,turks
plezier,afghanen
plezier,antilliaan
plezier,antilliaans
plezier,griek
plezier,afghaan
plezier,belg
plezier,chinees
plezier,westerlingen
plezier,marokkaan
plezier,syrier
plezier,aziaat
plezier,arabier
plezier,expat
plezier,duitsers
plezier,allochtoon
plezier,azie
plezier,spanjaarden
plezier,syrisch
plezier,moslim
plezier,arabieren
plezier,surnaams
plezier,chinezen
plezier,turk
plezier,irakezen
plezier,aziaten
plezier,wij
plezier,migranten
plezier,italianen
plezier,spaans
plezier,nederlander
plezier,somalisch
plezier,fransen
plezier,ons
plezier,surinamers
plezier,italie
plezier,frans
plezier,frankrijk
plezier,belgen
plezier,syriers
plezier,migrant
plezier,irakees
plezier,polen
plezier,antillianen
plezier,grieken
plezier,spanje
plezier,italiaan
plezier,burger
plezier,marokkaans
plezier,somaliers
plezier,marokkanen
plezier,vluchtelingen
plezier,immigrant
eerlijk,westers
eerlijk,surinamer
eerlijk,vluchteling
eerlijk,pool
eerlijk,china
eerlijk,somalier
eerlijk,christenen
eerlijk,burgers
eerlijk,belgisch
eerlijk,expats
eerlijk,nederlanders
eerlijk,turken
eerlijk,moslims
eerlijk,nederlands
eerlijk,immigranten
eerlijk,allochtonen
eerlijk,duitser
eerlijk,afghaans
eerlijk,duits
eerlijk,christen
eerlijk,europeanen
eerlijk,arabisch
eerlijk,europees
eerlijk,turks
eerlijk,afghanen
eerlijk,antilliaan
eerlijk,antilliaans
eerlijk,griek
eerlijk,afghaan
eerlijk,belg
eerlijk,chinees
eerlijk,westerlingen
eerlijk,marokkaan
eerlijk,syrier
eerlijk,aziaat
eerlijk,arabier
eerlijk,expat
eerlijk,duitsers
eerlijk,allochtoon
eerlijk,azie
eerlijk,spanjaarden
eerlijk,syrisch
eerlijk,moslim
eerlijk,arabieren
eerlijk,surnaams
eerlijk,chinezen
eerlijk,turk
eerlijk,irakezen
eerlijk,aziaten
eerlijk,wij
eerlijk,migranten
eerlijk,italianen
eerlijk,spaans
eerlijk,nederlander
eerlijk,somalisch
eerlijk,fransen
eerlijk,ons
eerlijk,surinamers
eerlijk,italie
eerlijk,frans
eerlijk,frankrijk
eerlijk,belgen
eerlijk,syriers
eerlijk,migrant
eerlijk,irakees
eerlijk,polen
eerlijk,antillianen
eerlijk,grieken
eerlijk,spanje
eerlijk,italiaan
eerlijk,burger
eerlijk,marokkaans
eerlijk,somaliers
eerlijk,marokkanen
eerlijk,vluchtelingen
eerlijk,immigrant
eer,westers
eer,surinamer
eer,vluchteling
eer,pool
eer,china
eer,somalier
eer,christenen
eer,burgers
eer,belgisch
eer,expats
eer,nederlanders
eer,turken
eer,moslims
eer,nederlands
eer,immigranten
eer,allochtonen
eer,duitser
eer,afghaans
eer,duits
eer,christen
eer,europeanen
eer,arabisch
eer,europees
eer,turks
eer,afghanen
eer,antilliaan
eer,antilliaans
eer,griek
eer,afghaan
eer,belg
eer,chinees
eer,westerlingen
eer,marokkaan
eer,syrier
eer,aziaat
eer,arabier
eer,expat
eer,duitsers
eer,allochtoon
eer,azie
eer,spanjaarden
eer,syrisch
eer,moslim
eer,arabieren
eer,surnaams
eer,chinezen
eer,turk
eer,irakezen
eer,aziaten
eer,wij
eer,migranten
eer,italianen
eer,spaans
eer,nederlander
eer,somalisch
eer,fransen
eer,ons
eer,surinamers
eer,italie
eer,frans
eer,frankrijk
eer,belgen
eer,syriers
eer,migrant
eer,irakees
eer,polen
eer,antillianen
eer,grieken
eer,spanje
eer,italiaan
eer,burger
eer,marokkaans
eer,somaliers
eer,marokkanen
eer,vluchtelingen
eer,immigrant
vrede,westers
vrede,surinamer
vrede,vluchteling
vrede,pool
vrede,china
vrede,somalier
vrede,christenen
vrede,burgers
vrede,belgisch
vrede,expats
vrede,nederlanders
vrede,turken
vrede,moslims
vrede,nederlands
vrede,immigranten
vrede,allochtonen
vrede,duitser
vrede,afghaans
vrede,duits
vrede,christen
vrede,europeanen
vrede,arabisch
vrede,europees
vrede,turks
vrede,afghanen
vrede,antilliaan
vrede,antilliaans
vrede,griek
vrede,afghaan
vrede,belg
vrede,chinees
vrede,westerlingen
vrede,marokkaan
vrede,syrier
vrede,aziaat
vrede,arabier
vrede,expat
vrede,duitsers
vrede,allochtoon
vrede,azie
vrede,spanjaarden
vrede,syrisch
vrede,moslim
vrede,arabieren
vrede,surnaams
vrede,chinezen
vrede,turk
vrede,irakezen
vrede,aziaten
vrede,wij
vrede,migranten
vrede,italianen
vrede,spaans
vrede,nederlander
vrede,somalisch
vrede,fransen
vrede,ons
vrede,surinamers
vrede,italie
vrede,frans
vrede,frankrijk
vrede,belgen
vrede,syriers
vrede,migrant
vrede,irakees
vrede,polen
vrede,antillianen
vrede,grieken
vrede,spanje
vrede,italiaan
vrede,burger
vrede,marokkaans
vrede,somaliers
vrede,marokkanen
vrede,vluchtelingen
vrede,immigrant
hemel,westers
hemel,surinamer
hemel,vluchteling
hemel,pool
hemel,china
hemel,somalier
hemel,christenen
hemel,burgers
hemel,belgisch
hemel,expats
hemel,nederlanders
hemel,turken
hemel,moslims
hemel,nederlands
hemel,immigranten
hemel,allochtonen
hemel,duitser
hemel,afghaans
hemel,duits
hemel,christen
hemel,europeanen
hemel,arabisch
hemel,europees
hemel,turks
hemel,afghanen
hemel,antilliaan
hemel,antilliaans
hemel,griek
hemel,afghaan
hemel,belg
hemel,chinees
hemel,westerlingen
hemel,marokkaan
hemel,syrier
hemel,aziaat
hemel,arabier
hemel,expat
hemel,duitsers
hemel,allochtoon
hemel,azie
hemel,spanjaarden
hemel,syrisch
hemel,moslim
hemel,arabieren
hemel,surnaams
hemel,chinezen
hemel,turk
hemel,irakezen
hemel,aziaten
hemel,wij
hemel,migranten
hemel,italianen
hemel,spaans
hemel,nederlander
hemel,somalisch
hemel,fransen
hemel,ons
hemel,surinamers
hemel,italie
hemel,frans
hemel,frankrijk
hemel,belgen
hemel,syriers
hemel,migrant
hemel,irakees
hemel,polen
hemel,antillianen
hemel,grieken
hemel,spanje
hemel,italiaan
hemel,burger
hemel,marokkaans
hemel,somaliers
hemel,marokkanen
hemel,vluchtelingen
hemel,immigrant
gejuich,westers
gejuich,surinamer
gejuich,vluchteling
gejuich,pool
gejuich,china
gejuich,somalier
gejuich,christenen
gejuich,burgers
gejuich,belgisch
gejuich,expats
gejuich,nederlanders
gejuich,turken
gejuich,moslims
gejuich,nederlands
gejuich,immigranten
gejuich,allochtonen
gejuich,duitser
gejuich,afghaans
gejuich,duits
gejuich,christen
gejuich,europeanen
gejuich,arabisch
gejuich,europees
gejuich,turks
gejuich,afghanen
gejuich,antilliaan
gejuich,antilliaans
gejuich,griek
gejuich,afghaan
gejuich,belg
gejuich,chinees
gejuich,westerlingen
gejuich,marokkaan
gejuich,syrier
gejuich,aziaat
gejuich,arabier
gejuich,expat
gejuich,duitsers
gejuich,allochtoon
gejuich,azie
gejuich,spanjaarden
gejuich,syrisch
gejuich,moslim
gejuich,arabieren
gejuich,surnaams
gejuich,chinezen
gejuich,turk
gejuich,irakezen
gejuich,aziaten
gejuich,wij
gejuich,migranten
gejuich,italianen
gejuich,spaans
gejuich,nederlander
gejuich,somalisch
gejuich,fransen
gejuich,ons
gejuich,surinamers
gejuich,italie
gejuich,frans
gejuich,frankrijk
gejuich,belgen
gejuich,syriers
gejuich,migrant
gejuich,irakees
gejuich,polen
gejuich,antillianen
gejuich,grieken
gejuich,spanje
gejuich,italiaan
gejuich,burger
gejuich,marokkaans
gejuich,somaliers
gejuich,marokkanen
gejuich,vluchtelingen
gejuich,immigrant
loyaal,westers
loyaal,surinamer
loyaal,vluchteling
loyaal,pool
loyaal,china
loyaal,somalier
loyaal,christenen
loyaal,burgers
loyaal,belgisch
loyaal,expats
loyaal,nederlanders
loyaal,turken
loyaal,moslims
loyaal,nederlands
loyaal,immigranten
loyaal,allochtonen
loyaal,duitser
loyaal,afghaans
loyaal,duits
loyaal,christen
loyaal,europeanen
loyaal,arabisch
loyaal,europees
loyaal,turks
loyaal,afghanen
loyaal,antilliaan
loyaal,antilliaans
loyaal,griek
loyaal,afghaan
loyaal,belg
loyaal,chinees
loyaal,westerlingen
loyaal,marokkaan
loyaal,syrier
loyaal,aziaat
loyaal,arabier
loyaal,expat
loyaal,duitsers
loyaal,allochtoon
loyaal,azie
loyaal,spanjaarden
loyaal,syrisch
loyaal,moslim
loyaal,arabieren
loyaal,surnaams
loyaal,chinezen
loyaal,turk
loyaal,irakezen
loyaal,aziaten
loyaal,wij
loyaal,migranten
loyaal,italianen
loyaal,spaans
loyaal,nederlander
loyaal,somalisch
loyaal,fransen
loyaal,ons
loyaal,surinamers
loyaal,italie
loyaal,frans
loyaal,frankrijk
loyaal,belgen
loyaal,syriers
loyaal,migrant
loyaal,irakees
loyaal,polen
loyaal,antillianen
loyaal,grieken
loyaal,spanje
loyaal,italiaan
loyaal,burger
loyaal,marokkaans
loyaal,somaliers
loyaal,marokkanen
loyaal,vluchtelingen
loyaal,immigrant
liefde,westers
liefde,surinamer
liefde,vluchteling
liefde,pool
liefde,china
liefde,somalier
liefde,christenen
liefde,burgers
liefde,belgisch
liefde,expats
liefde,nederlanders
liefde,turken
liefde,moslims
liefde,nederlands
liefde,immigranten
liefde,allochtonen
liefde,duitser
liefde,afghaans
liefde,duits
liefde,christen
liefde,europeanen
liefde,arabisch
liefde,europees
liefde,turks
liefde,afghanen
liefde,antilliaan
liefde,antilliaans
liefde,griek
liefde,afghaan
liefde,belg
liefde,chinees
liefde,westerlingen
liefde,marokkaan
liefde,syrier
liefde,aziaat
liefde,arabier
liefde,expat
liefde,duitsers
liefde,allochtoon
liefde,azie
liefde,spanjaarden
liefde,syrisch
liefde,moslim
liefde,arabieren
liefde,surnaams
liefde,chinezen
liefde,turk
liefde,irakezen
liefde,aziaten
liefde,wij
liefde,migranten
liefde,italianen
liefde,spaans
liefde,nederlander
liefde,somalisch
liefde,fransen
liefde,ons
liefde,surinamers
liefde,italie
liefde,frans
liefde,frankrijk
liefde,belgen
liefde,syriers
liefde,migrant
liefde,irakees
liefde,polen
liefde,antillianen
liefde,grieken
liefde,spanje
liefde,italiaan
liefde,burger
liefde,marokkaans
liefde,somaliers
liefde,marokkanen
liefde,vluchtelingen
liefde,immigrant
vriend,westers
vriend,surinamer
vriend,vluchteling
vriend,pool
vriend,china
vriend,somalier
vriend,christenen
vriend,burgers
vriend,belgisch
vriend,expats
vriend,nederlanders
vriend,turken
vriend,moslims
vriend,nederlands
vriend,immigranten
vriend,allochtonen
vriend,duitser
vriend,afghaans
vriend,duits
vriend,christen
vriend,europeanen
vriend,arabisch
vriend,europees
vriend,turks
vriend,afghanen
vriend,antilliaan
vriend,antilliaans
vriend,griek
vriend,afghaan
vriend,belg
vriend,chinees
vriend,westerlingen
vriend,marokkaan
vriend,syrier
vriend,aziaat
vriend,arabier
vriend,expat
vriend,duitsers
vriend,allochtoon
vriend,azie
vriend,spanjaarden
vriend,syrisch
vriend,moslim
vriend,arabieren
vriend,surnaams
vriend,chinezen
vriend,turk
vriend,irakezen
vriend,aziaten
vriend,wij
vriend,migranten
vriend,italianen
vriend,spaans
vriend,nederlander
vriend,somalisch
vriend,fransen
vriend,ons
vriend,surinamers
vriend,italie
vriend,frans
vriend,frankrijk
vriend,belgen
vriend,syriers
vriend,migrant
vriend,irakees
vriend,polen
vriend,antillianen
vriend,grieken
vriend,spanje
vriend,italiaan
vriend,burger
vriend,marokkaans
vriend,somaliers
vriend,marokkanen
vriend,vluchtelingen
vriend,immigrant
geschenk,westers
geschenk,surinamer
geschenk,vluchteling
geschenk,pool
geschenk,china
geschenk,somalier
geschenk,christenen
geschenk,burgers
geschenk,belgisch
geschenk,expats
geschenk,nederlanders
geschenk,turken
geschenk,moslims
geschenk,nederlands
geschenk,immigranten
geschenk,allochtonen
geschenk,duitser
geschenk,afghaans
geschenk,duits
geschenk,christen
geschenk,europeanen
geschenk,arabisch
geschenk,europees
geschenk,turks
geschenk,afghanen
geschenk,antilliaan
geschenk,antilliaans
geschenk,griek
geschenk,afghaan
geschenk,belg
geschenk,chinees
geschenk,westerlingen
geschenk,marokkaan
geschenk,syrier
geschenk,aziaat
geschenk,arabier
geschenk,expat
geschenk,duitsers
geschenk,allochtoon
geschenk,azie
geschenk,spanjaarden
geschenk,syrisch
geschenk,moslim
geschenk,arabieren
geschenk,surnaams
geschenk,chinezen
geschenk,turk
geschenk,irakezen
geschenk,aziaten
geschenk,wij
geschenk,migranten
geschenk,italianen
geschenk,spaans
geschenk,nederlander
geschenk,somalisch
geschenk,fransen
geschenk,ons
geschenk,surinamers
geschenk,italie
geschenk,frans
geschenk,frankrijk
geschenk,belgen
geschenk,syriers
geschenk,migrant
geschenk,irakees
geschenk,polen
geschenk,antillianen
geschenk,grieken
geschenk,spanje
geschenk,italiaan
geschenk,burger
geschenk,marokkaans
geschenk,somaliers
geschenk,marokkanen
geschenk,vluchtelingen
geschenk,immigrant
diamant,westers
diamant,surinamer
diamant,vluchteling
diamant,pool
diamant,china
diamant,somalier
diamant,christenen
diamant,burgers
diamant,belgisch
diamant,expats
diamant,nederlanders
diamant,turken
diamant,moslims
diamant,nederlands
diamant,immigranten
diamant,allochtonen
diamant,duitser
diamant,afghaans
diamant,duits
diamant,christen
diamant,europeanen
diamant,arabisch
diamant,europees
diamant,turks
diamant,afghanen
diamant,antilliaan
diamant,antilliaans
diamant,griek
diamant,afghaan
diamant,belg
diamant,chinees
diamant,westerlingen
diamant,marokkaan
diamant,syrier
diamant,aziaat
diamant,arabier
diamant,expat
diamant,duitsers
diamant,allochtoon
diamant,azie
diamant,spanjaarden
diamant,syrisch
diamant,moslim
diamant,arabieren
diamant,surnaams
diamant,chinezen
diamant,turk
diamant,irakezen
diamant,aziaten
diamant,wij
diamant,migranten
diamant,italianen
diamant,spaans
diamant,nederlander
diamant,somalisch
diamant,fransen
diamant,ons
diamant,surinamers
diamant,italie
diamant,frans
diamant,frankrijk
diamant,belgen
diamant,syriers
diamant,migrant
diamant,irakees
diamant,polen
diamant,antillianen
diamant,grieken
diamant,spanje
diamant,italiaan
diamant,burger
diamant,marokkaans
diamant,somaliers
diamant,marokkanen
diamant,vluchtelingen
diamant,immigrant
gelukkig,westers
gelukkig,surinamer
gelukkig,vluchteling
gelukkig,pool
gelukkig,china
gelukkig,somalier
gelukkig,christenen
gelukkig,burgers
gelukkig,belgisch
gelukkig,expats
gelukkig,nederlanders
gelukkig,turken
gelukkig,moslims
gelukkig,nederlands
gelukkig,immigranten
gelukkig,allochtonen
gelukkig,duitser
gelukkig,afghaans
gelukkig,duits
gelukkig,christen
gelukkig,europeanen
gelukkig,arabisch
gelukkig,europees
gelukkig,turks
gelukkig,afghanen
gelukkig,antilliaan
gelukkig,antilliaans
gelukkig,griek
gelukkig,afghaan
gelukkig,belg
gelukkig,chinees
gelukkig,westerlingen
gelukkig,marokkaan
gelukkig,syrier
gelukkig,aziaat
gelukkig,arabier
gelukkig,expat
gelukkig,duitsers
gelukkig,allochtoon
gelukkig,azie
gelukkig,spanjaarden
gelukkig,syrisch
gelukkig,moslim
gelukkig,arabieren
gelukkig,surnaams
gelukkig,chinezen
gelukkig,turk
gelukkig,irakezen
gelukkig,aziaten
gelukkig,wij
gelukkig,migranten
gelukkig,italianen
gelukkig,spaans
gelukkig,nederlander
gelukkig,somalisch
gelukkig,fransen
gelukkig,ons
gelukkig,surinamers
gelukkig,italie
gelukkig,frans
gelukkig,frankrijk
gelukkig,belgen
gelukkig,syriers
gelukkig,migrant
gelukkig,irakees
gelukkig,polen
gelukkig,antillianen
gelukkig,grieken
gelukkig,spanje
gelukkig,italiaan
gelukkig,burger
gelukkig,marokkaans
gelukkig,somaliers
gelukkig,marokkanen
gelukkig,vluchtelingen
gelukkig,immigrant
gezondheid,westers
gezondheid,surinamer
gezondheid,vluchteling
gezondheid,pool
gezondheid,china
gezondheid,somalier
gezondheid,christenen
gezondheid,burgers
gezondheid,belgisch
gezondheid,expats
gezondheid,nederlanders
gezondheid,turken
gezondheid,moslims
gezondheid,nederlands
gezondheid,immigranten
gezondheid,allochtonen
gezondheid,duitser
gezondheid,afghaans
gezondheid,duits
gezondheid,christen
gezondheid,europeanen
gezondheid,arabisch
gezondheid,europees
gezondheid,turks
gezondheid,afghanen
gezondheid,antilliaan
gezondheid,antilliaans
gezondheid,griek
gezondheid,afghaan
gezondheid,belg
gezondheid,chinees
gezondheid,westerlingen
gezondheid,marokkaan
gezondheid,syrier
gezondheid,aziaat
gezondheid,arabier
gezondheid,expat
gezondheid,duitsers
gezondheid,allochtoon
gezondheid,azie
gezondheid,spanjaarden
gezondheid,syrisch
gezondheid,moslim
gezondheid,arabieren
gezondheid,surnaams
gezondheid,chinezen
gezondheid,turk
gezondheid,irakezen
gezondheid,aziaten
gezondheid,wij
gezondheid,migranten
gezondheid,italianen
gezondheid,spaans
gezondheid,nederlander
gezondheid,somalisch
gezondheid,fransen
gezondheid,ons
gezondheid,surinamers
gezondheid,italie
gezondheid,frans
gezondheid,frankrijk
gezondheid,belgen
gezondheid,syriers
gezondheid,migrant
gezondheid,irakees
gezondheid,polen
gezondheid,antillianen
gezondheid,grieken
gezondheid,spanje
gezondheid,italiaan
gezondheid,burger
gezondheid,marokkaans
gezondheid,somaliers
gezondheid,marokkanen
gezondheid,vluchtelingen
gezondheid,immigrant
diploma,westers
diploma,surinamer
diploma,vluchteling
diploma,pool
diploma,china
diploma,somalier
diploma,christenen
diploma,burgers
diploma,belgisch
diploma,expats
diploma,nederlanders
diploma,turken
diploma,moslims
diploma,nederlands
diploma,immigranten
diploma,allochtonen
diploma,duitser
diploma,afghaans
diploma,duits
diploma,christen
diploma,europeanen
diploma,arabisch
diploma,europees
diploma,turks
diploma,afghanen
diploma,antilliaan
diploma,antilliaans
diploma,griek
diploma,afghaan
diploma,belg
diploma,chinees
diploma,westerlingen
diploma,marokkaan
diploma,syrier
diploma,aziaat
diploma,arabier
diploma,expat
diploma,duitsers
diploma,allochtoon
diploma,azie
diploma,spanjaarden
diploma,syrisch
diploma,moslim
diploma,arabieren
diploma,surnaams
diploma,chinezen
diploma,turk
diploma,irakezen
diploma,aziaten
diploma,wij
diploma,migranten
diploma,italianen
diploma,spaans
diploma,nederlander
diploma,somalisch
diploma,fransen
diploma,ons
diploma,surinamers
diploma,italie
diploma,frans
diploma,frankrijk
diploma,belgen
diploma,syriers
diploma,migrant
diploma,irakees
diploma,polen
diploma,antillianen
diploma,grieken
diploma,spanje
diploma,italiaan
diploma,burger
diploma,marokkaans
diploma,somaliers
diploma,marokkanen
diploma,vluchtelingen
diploma,immigrant
paradijs,westers
paradijs,surinamer
paradijs,vluchteling
paradijs,pool
paradijs,china
paradijs,somalier
paradijs,christenen
paradijs,burgers
paradijs,belgisch
paradijs,expats
paradijs,nederlanders
paradijs,turken
paradijs,moslims
paradijs,nederlands
paradijs,immigranten
paradijs,allochtonen
paradijs,duitser
paradijs,afghaans
paradijs,duits
paradijs,christen
paradijs,europeanen
paradijs,arabisch
paradijs,europees
paradijs,turks
paradijs,afghanen
paradijs,antilliaan
paradijs,antilliaans
paradijs,griek
paradijs,afghaan
paradijs,belg
paradijs,chinees
paradijs,westerlingen
paradijs,marokkaan
paradijs,syrier
paradijs,aziaat
paradijs,arabier
paradijs,expat
paradijs,duitsers
paradijs,allochtoon
paradijs,azie
paradijs,spanjaarden
paradijs,syrisch
paradijs,moslim
paradijs,arabieren
paradijs,surnaams
paradijs,chinezen
paradijs,turk
paradijs,irakezen
paradijs,aziaten
paradijs,wij
paradijs,migranten
paradijs,italianen
paradijs,spaans
paradijs,nederlander
paradijs,somalisch
paradijs,fransen
paradijs,ons
paradijs,surinamers
paradijs,italie
paradijs,frans
paradijs,frankrijk
paradijs,belgen
paradijs,syriers
paradijs,migrant
paradijs,irakees
paradijs,polen
paradijs,antillianen
paradijs,grieken
paradijs,spanje
paradijs,italiaan
paradijs,burger
paradijs,marokkaans
paradijs,somaliers
paradijs,marokkanen
paradijs,vluchtelingen
paradijs,immigrant
wonder,westers
wonder,surinamer
wonder,vluchteling
wonder,pool
wonder,china
wonder,somalier
wonder,christenen
wonder,burgers
wonder,belgisch
wonder,expats
wonder,nederlanders
wonder,turken
wonder,moslims
wonder,nederlands
wonder,immigranten
wonder,allochtonen
wonder,duitser
wonder,afghaans
wonder,duits
wonder,christen
wonder,europeanen
wonder,arabisch
wonder,europees
wonder,turks
wonder,afghanen
wonder,antilliaan
wonder,antilliaans
wonder,griek
wonder,afghaan
wonder,belg
wonder,chinees
wonder,westerlingen
wonder,marokkaan
wonder,syrier
wonder,aziaat
wonder,arabier
wonder,expat
wonder,duitsers
wonder,allochtoon
wonder,azie
wonder,spanjaarden
wonder,syrisch
wonder,moslim
wonder,arabieren
wonder,surnaams
wonder,chinezen
wonder,turk
wonder,irakezen
wonder,aziaten
wonder,wij
wonder,migranten
wonder,italianen
wonder,spaans
wonder,nederlander
wonder,somalisch
wonder,fransen
wonder,ons
wonder,surinamers
wonder,italie
wonder,frans
wonder,frankrijk
wonder,belgen
wonder,syriers
wonder,migrant
wonder,irakees
wonder,polen
wonder,antillianen
wonder,grieken
wonder,spanje
wonder,italiaan
wonder,burger
wonder,marokkaans
wonder,somaliers
wonder,marokkanen
wonder,vluchtelingen
wonder,immigrant
zonsopgang,westers
zonsopgang,surinamer
zonsopgang,vluchteling
zonsopgang,pool
zonsopgang,china
zonsopgang,somalier
zonsopgang,christenen
zonsopgang,burgers
zonsopgang,belgisch
zonsopgang,expats
zonsopgang,nederlanders
zonsopgang,turken
zonsopgang,moslims
zonsopgang,nederlands
zonsopgang,immigranten
zonsopgang,allochtonen
zonsopgang,duitser
zonsopgang,afghaans
zonsopgang,duits
zonsopgang,christen
zonsopgang,europeanen
zonsopgang,arabisch
zonsopgang,europees
zonsopgang,turks
zonsopgang,afghanen
zonsopgang,antilliaan
zonsopgang,antilliaans
zonsopgang,griek
zonsopgang,afghaan
zonsopgang,belg
zonsopgang,chinees
zonsopgang,westerlingen
zonsopgang,marokkaan
zonsopgang,syrier
zonsopgang,aziaat
zonsopgang,arabier
zonsopgang,expat
zonsopgang,duitsers
zonsopgang,allochtoon
zonsopgang,azie
zonsopgang,spanjaarden
zonsopgang,syrisch
zonsopgang,moslim
zonsopgang,arabieren
zonsopgang,surnaams
zonsopgang,chinezen
zonsopgang,turk
zonsopgang,irakezen
zonsopgang,aziaten
zonsopgang,wij
zonsopgang,migranten
zonsopgang,italianen
zonsopgang,spaans
zonsopgang,nederlander
zonsopgang,somalisch
zonsopgang,fransen
zonsopgang,ons
zonsopgang,surinamers
zonsopgang,italie
zonsopgang,frans
zonsopgang,frankrijk
zonsopgang,belgen
zonsopgang,syriers
zonsopgang,migrant
zonsopgang,irakees
zonsopgang,polen
zonsopgang,antillianen
zonsopgang,grieken
zonsopgang,spanje
zonsopgang,italiaan
zonsopgang,burger
zonsopgang,marokkaans
zonsopgang,somaliers
zonsopgang,marokkanen
zonsopgang,vluchtelingen
zonsopgang,immigrant
gelach,westers
gelach,surinamer
gelach,vluchteling
gelach,pool
gelach,china
gelach,somalier
gelach,christenen
gelach,burgers
gelach,belgisch
gelach,expats
gelach,nederlanders
gelach,turken
gelach,moslims
gelach,nederlands
gelach,immigranten
gelach,allochtonen
gelach,duitser
gelach,afghaans
gelach,duits
gelach,christen
gelach,europeanen
gelach,arabisch
gelach,europees
gelach,turks
gelach,afghanen
gelach,antilliaan
gelach,antilliaans
gelach,griek
gelach,afghaan
gelach,belg
gelach,chinees
gelach,westerlingen
gelach,marokkaan
gelach,syrier
gelach,aziaat
gelach,arabier
gelach,expat
gelach,duitsers
gelach,allochtoon
gelach,azie
gelach,spanjaarden
gelach,syrisch
gelach,moslim
gelach,arabieren
gelach,surnaams
gelach,chinezen
gelach,turk
gelach,irakezen
gelach,aziaten
gelach,wij
gelach,migranten
gelach,italianen
gelach,spaans
gelach,nederlander
gelach,somalisch
gelach,fransen
gelach,ons
gelach,surinamers
gelach,italie
gelach,frans
gelach,frankrijk
gelach,belgen
gelach,syriers
gelach,migrant
gelach,irakees
gelach,polen
gelach,antillianen
gelach,grieken
gelach,spanje
gelach,italiaan
gelach,burger
gelach,marokkaans
gelach,somaliers
gelach,marokkanen
gelach,vluchtelingen
gelach,immigrant
vakantie,westers
vakantie,surinamer
vakantie,vluchteling
vakantie,pool
vakantie,china
vakantie,somalier
vakantie,christenen
vakantie,burgers
vakantie,belgisch
vakantie,expats
vakantie,nederlanders
vakantie,turken
vakantie,moslims
vakantie,nederlands
vakantie,immigranten
vakantie,allochtonen
vakantie,duitser
vakantie,afghaans
vakantie,duits
vakantie,christen
vakantie,europeanen
vakantie,arabisch
vakantie,europees
vakantie,turks
vakantie,afghanen
vakantie,antilliaan
vakantie,antilliaans
vakantie,griek
vakantie,afghaan
vakantie,belg
vakantie,chinees
vakantie,westerlingen
vakantie,marokkaan
vakantie,syrier
vakantie,aziaat
vakantie,arabier
vakantie,expat
vakantie,duitsers
vakantie,allochtoon
vakantie,azie
vakantie,spanjaarden
vakantie,syrisch
vakantie,moslim
vakantie,arabieren
vakantie,surnaams
vakantie,chinezen
vakantie,turk
vakantie,irakezen
vakantie,aziaten
vakantie,wij
vakantie,migranten
vakantie,italianen
vakantie,spaans
vakantie,nederlander
vakantie,somalisch
vakantie,fransen
vakantie,ons
vakantie,surinamers
vakantie,italie
vakantie,frans
vakantie,frankrijk
vakantie,belgen
vakantie,syriers
vakantie,migrant
vakantie,irakees
vakantie,polen
vakantie,antillianen
vakantie,grieken
vakantie,spanje
vakantie,italiaan
vakantie,burger
vakantie,marokkaans
vakantie,somaliers
vakantie,marokkanen
vakantie,vluchtelingen
vakantie,immigrant
vrijheid,westers
vrijheid,surinamer
vrijheid,vluchteling
vrijheid,pool
vrijheid,china
vrijheid,somalier
vrijheid,christenen
vrijheid,burgers
vrijheid,belgisch
vrijheid,expats
vrijheid,nederlanders
vrijheid,turken
vrijheid,moslims
vrijheid,nederlands
vrijheid,immigranten
vrijheid,allochtonen
vrijheid,duitser
vrijheid,afghaans
vrijheid,duits
vrijheid,christen
vrijheid,europeanen
vrijheid,arabisch
vrijheid,europees
vrijheid,turks
vrijheid,afghanen
vrijheid,antilliaan
vrijheid,antilliaans
vrijheid,griek
vrijheid,afghaan
vrijheid,belg
vrijheid,chinees
vrijheid,westerlingen
vrijheid,marokkaan
vrijheid,syrier
vrijheid,aziaat
vrijheid,arabier
vrijheid,expat
vrijheid,duitsers
vrijheid,allochtoon
vrijheid,azie
vrijheid,spanjaarden
vrijheid,syrisch
vrijheid,moslim
vrijheid,arabieren
vrijheid,surnaams
vrijheid,chinezen
vrijheid,turk
vrijheid,irakezen
vrijheid,aziaten
vrijheid,wij
vrijheid,migranten
vrijheid,italianen
vrijheid,spaans
vrijheid,nederlander
vrijheid,somalisch
vrijheid,fransen
vrijheid,ons
vrijheid,surinamers
vrijheid,italie
vrijheid,frans
vrijheid,frankrijk
vrijheid,belgen
vrijheid,syriers
vrijheid,migrant
vrijheid,irakees
vrijheid,polen
vrijheid,antillianen
vrijheid,grieken
vrijheid,spanje
vrijheid,italiaan
vrijheid,burger
vrijheid,marokkaans
vrijheid,somaliers
vrijheid,marokkanen
vrijheid,vluchtelingen
vrijheid,immigrant
