familie,vluchteling
familie,gambiaans
familie,somalier
familie,nigerianen
familie,eritrea
familie,immigranten
familie,eritreeer
familie,allochtonen
familie,eritreeers
familie,soedan
familie,afghanen
familie,bengalees
familie,bangladesh
familie,senegalezen
familie,afghaan
familie,nigeria
familie,syrier
familie,allochtoon
familie,syrie
familie,soedanees
familie,syrisch
familie,pakistaans
familie,irakezen
familie,soedanse
familie,pakistaan
familie,migranten
familie,afghaanse
familie,gambianen
familie,senegalees
familie,nigeriaan
familie,gambiaan
familie,senegal
familie,somalisch
familie,irak
familie,pakistan
familie,afghanistan
familie,pakistanen
familie,syriers
familie,migrant
familie,irakees
familie,gambia
familie,bengaal
familie,somaliers
familie,vluchtelingen
familie,immigrant
regenboog,vluchteling
regenboog,gambiaans
regenboog,somalier
regenboog,nigerianen
regenboog,eritrea
regenboog,immigranten
regenboog,eritreeer
regenboog,allochtonen
regenboog,eritreeers
regenboog,soedan
regenboog,afghanen
regenboog,bengalees
regenboog,bangladesh
regenboog,senegalezen
regenboog,afghaan
regenboog,nigeria
regenboog,syrier
regenboog,allochtoon
regenboog,syrie
regenboog,soedanees
regenboog,syrisch
regenboog,pakistaans
regenboog,irakezen
regenboog,soedanse
regenboog,pakistaan
regenboog,migranten
regenboog,afghaanse
regenboog,gambianen
regenboog,senegalees
regenboog,nigeriaan
regenboog,gambiaan
regenboog,senegal
regenboog,somalisch
regenboog,irak
regenboog,pakistan
regenboog,afghanistan
regenboog,pakistanen
regenboog,syriers
regenboog,migrant
regenboog,irakees
regenboog,gambia
regenboog,bengaal
regenboog,somaliers
regenboog,vluchtelingen
regenboog,immigrant
zachtaardig,vluchteling
zachtaardig,gambiaans
zachtaardig,somalier
zachtaardig,nigerianen
zachtaardig,eritrea
zachtaardig,immigranten
zachtaardig,eritreeer
zachtaardig,allochtonen
zachtaardig,eritreeers
zachtaardig,soedan
zachtaardig,afghanen
zachtaardig,bengalees
zachtaardig,bangladesh
zachtaardig,senegalezen
zachtaardig,afghaan
zachtaardig,nigeria
zachtaardig,syrier
zachtaardig,allochtoon
zachtaardig,syrie
zachtaardig,soedanees
zachtaardig,syrisch
zachtaardig,pakistaans
zachtaardig,irakezen
zachtaardig,soedanse
zachtaardig,pakistaan
zachtaardig,migranten
zachtaardig,afghaanse
zachtaardig,gambianen
zachtaardig,senegalees
zachtaardig,nigeriaan
zachtaardig,gambiaan
zachtaardig,senegal
zachtaardig,somalisch
zachtaardig,irak
zachtaardig,pakistan
zachtaardig,afghanistan
zachtaardig,pakistanen
zachtaardig,syriers
zachtaardig,migrant
zachtaardig,irakees
zachtaardig,gambia
zachtaardig,bengaal
zachtaardig,somaliers
zachtaardig,vluchtelingen
zachtaardig,immigrant
plezier,vluchteling
plezier,gambiaans
plezier,somalier
plezier,nigerianen
plezier,eritrea
plezier,immigranten
plezier,eritreeer
plezier,allochtonen
plezier,eritreeers
plezier,soedan
plezier,afghanen
plezier,bengalees
plezier,bangladesh
plezier,senegalezen
plezier,afghaan
plezier,nigeria
plezier,syrier
plezier,allochtoon
plezier,syrie
plezier,soedanees
plezier,syrisch
plezier,pakistaans
plezier,irakezen
plezier,soedanse
plezier,pakistaan
plezier,migranten
plezier,afghaanse
plezier,gambianen
plezier,senegalees
plezier,nigeriaan
plezier,gambiaan
plezier,senegal
plezier,somalisch
plezier,irak
plezier,pakistan
plezier,afghanistan
plezier,pakistanen
plezier,syriers
plezier,migrant
plezier,irakees
plezier,gambia
plezier,bengaal
plezier,somaliers
plezier,vluchtelingen
plezier,immigrant
eerlijk,vluchteling
eerlijk,gambiaans
eerlijk,somalier
eerlijk,nigerianen
eerlijk,eritrea
eerlijk,immigranten
eerlijk,eritreeer
eerlijk,allochtonen
eerlijk,eritreeers
eerlijk,soedan
eerlijk,afghanen
eerlijk,bengalees
eerlijk,bangladesh
eerlijk,senegalezen
eerlijk,afghaan
eerlijk,nigeria
eerlijk,syrier
eerlijk,allochtoon
eerlijk,syrie
eerlijk,soedanees
eerlijk,syrisch
eerlijk,pakistaans
eerlijk,irakezen
eerlijk,soedanse
eerlijk,pakistaan
eerlijk,migranten
eerlijk,afghaanse
eerlijk,gambianen
eerlijk,senegalees
eerlijk,nigeriaan
eerlijk,gambiaan
eerlijk,senegal
eerlijk,somalisch
eerlijk,irak
eerlijk,pakistan
eerlijk,afghanistan
eerlijk,pakistanen
eerlijk,syriers
eerlijk,migrant
eerlijk,irakees
eerlijk,gambia
eerlijk,bengaal
eerlijk,somaliers
eerlijk,vluchtelingen
eerlijk,immigrant
eer,vluchteling
eer,gambiaans
eer,somalier
eer,nigerianen
eer,eritrea
eer,immigranten
eer,eritreeer
eer,allochtonen
eer,eritreeers
eer,soedan
eer,afghanen
eer,bengalees
eer,bangladesh
eer,senegalezen
eer,afghaan
eer,nigeria
eer,syrier
eer,allochtoon
eer,syrie
eer,soedanees
eer,syrisch
eer,pakistaans
eer,irakezen
eer,soedanse
eer,pakistaan
eer,migranten
eer,afghaanse
eer,gambianen
eer,senegalees
eer,nigeriaan
eer,gambiaan
eer,senegal
eer,somalisch
eer,irak
eer,pakistan
eer,afghanistan
eer,pakistanen
eer,syriers
eer,migrant
eer,irakees
eer,gambia
eer,bengaal
eer,somaliers
eer,vluchtelingen
eer,immigrant
vrede,vluchteling
vrede,gambiaans
vrede,somalier
vrede,nigerianen
vrede,eritrea
vrede,immigranten
vrede,eritreeer
vrede,allochtonen
vrede,eritreeers
vrede,soedan
vrede,afghanen
vrede,bengalees
vrede,bangladesh
vrede,senegalezen
vrede,afghaan
vrede,nigeria
vrede,syrier
vrede,allochtoon
vrede,syrie
vrede,soedanees
vrede,syrisch
vrede,pakistaans
vrede,irakezen
vrede,soedanse
vrede,pakistaan
vrede,migranten
vrede,afghaanse
vrede,gambianen
vrede,senegalees
vrede,nigeriaan
vrede,gambiaan
vrede,senegal
vrede,somalisch
vrede,irak
vrede,pakistan
vrede,afghanistan
vrede,pakistanen
vrede,syriers
vrede,migrant
vrede,irakees
vrede,gambia
vrede,bengaal
vrede,somaliers
vrede,vluchtelingen
vrede,immigrant
hemel,vluchteling
hemel,gambiaans
hemel,somalier
hemel,nigerianen
hemel,eritrea
hemel,immigranten
hemel,eritreeer
hemel,allochtonen
hemel,eritreeers
hemel,soedan
hemel,afghanen
hemel,bengalees
hemel,bangladesh
hemel,senegalezen
hemel,afghaan
hemel,nigeria
hemel,syrier
hemel,allochtoon
hemel,syrie
hemel,soedanees
hemel,syrisch
hemel,pakistaans
hemel,irakezen
hemel,soedanse
hemel,pakistaan
hemel,migranten
hemel,afghaanse
hemel,gambianen
hemel,senegalees
hemel,nigeriaan
hemel,gambiaan
hemel,senegal
hemel,somalisch
hemel,irak
hemel,pakistan
hemel,afghanistan
hemel,pakistanen
hemel,syriers
hemel,migrant
hemel,irakees
hemel,gambia
hemel,bengaal
hemel,somaliers
hemel,vluchtelingen
hemel,immigrant
gejuich,vluchteling
gejuich,gambiaans
gejuich,somalier
gejuich,nigerianen
gejuich,eritrea
gejuich,immigranten
gejuich,eritreeer
gejuich,allochtonen
gejuich,eritreeers
gejuich,soedan
gejuich,afghanen
gejuich,bengalees
gejuich,bangladesh
gejuich,senegalezen
gejuich,afghaan
gejuich,nigeria
gejuich,syrier
gejuich,allochtoon
gejuich,syrie
gejuich,soedanees
gejuich,syrisch
gejuich,pakistaans
gejuich,irakezen
gejuich,soedanse
gejuich,pakistaan
gejuich,migranten
gejuich,afghaanse
gejuich,gambianen
gejuich,senegalees
gejuich,nigeriaan
gejuich,gambiaan
gejuich,senegal
gejuich,somalisch
gejuich,irak
gejuich,pakistan
gejuich,afghanistan
gejuich,pakistanen
gejuich,syriers
gejuich,migrant
gejuich,irakees
gejuich,gambia
gejuich,bengaal
gejuich,somaliers
gejuich,vluchtelingen
gejuich,immigrant
loyaal,vluchteling
loyaal,gambiaans
loyaal,somalier
loyaal,nigerianen
loyaal,eritrea
loyaal,immigranten
loyaal,eritreeer
loyaal,allochtonen
loyaal,eritreeers
loyaal,soedan
loyaal,afghanen
loyaal,bengalees
loyaal,bangladesh
loyaal,senegalezen
loyaal,afghaan
loyaal,nigeria
loyaal,syrier
loyaal,allochtoon
loyaal,syrie
loyaal,soedanees
loyaal,syrisch
loyaal,pakistaans
loyaal,irakezen
loyaal,soedanse
loyaal,pakistaan
loyaal,migranten
loyaal,afghaanse
loyaal,gambianen
loyaal,senegalees
loyaal,nigeriaan
loyaal,gambiaan
loyaal,senegal
loyaal,somalisch
loyaal,irak
loyaal,pakistan
loyaal,afghanistan
loyaal,pakistanen
loyaal,syriers
loyaal,migrant
loyaal,irakees
loyaal,gambia
loyaal,bengaal
loyaal,somaliers
loyaal,vluchtelingen
loyaal,immigrant
liefde,vluchteling
liefde,gambiaans
liefde,somalier
liefde,nigerianen
liefde,eritrea
liefde,immigranten
liefde,eritreeer
liefde,allochtonen
liefde,eritreeers
liefde,soedan
liefde,afghanen
liefde,bengalees
liefde,bangladesh
liefde,senegalezen
liefde,afghaan
liefde,nigeria
liefde,syrier
liefde,allochtoon
liefde,syrie
liefde,soedanees
liefde,syrisch
liefde,pakistaans
liefde,irakezen
liefde,soedanse
liefde,pakistaan
liefde,migranten
liefde,afghaanse
liefde,gambianen
liefde,senegalees
liefde,nigeriaan
liefde,gambiaan
liefde,senegal
liefde,somalisch
liefde,irak
liefde,pakistan
liefde,afghanistan
liefde,pakistanen
liefde,syriers
liefde,migrant
liefde,irakees
liefde,gambia
liefde,bengaal
liefde,somaliers
liefde,vluchtelingen
liefde,immigrant
vriend,vluchteling
vriend,gambiaans
vriend,somalier
vriend,nigerianen
vriend,eritrea
vriend,immigranten
vriend,eritreeer
vriend,allochtonen
vriend,eritreeers
vriend,soedan
vriend,afghanen
vriend,bengalees
vriend,bangladesh
vriend,senegalezen
vriend,afghaan
vriend,nigeria
vriend,syrier
vriend,allochtoon
vriend,syrie
vriend,soedanees
vriend,syrisch
vriend,pakistaans
vriend,irakezen
vriend,soedanse
vriend,pakistaan
vriend,migranten
vriend,afghaanse
vriend,gambianen
vriend,senegalees
vriend,nigeriaan
vriend,gambiaan
vriend,senegal
vriend,somalisch
vriend,irak
vriend,pakistan
vriend,afghanistan
vriend,pakistanen
vriend,syriers
vriend,migrant
vriend,irakees
vriend,gambia
vriend,bengaal
vriend,somaliers
vriend,vluchtelingen
vriend,immigrant
geschenk,vluchteling
geschenk,gambiaans
geschenk,somalier
geschenk,nigerianen
geschenk,eritrea
geschenk,immigranten
geschenk,eritreeer
geschenk,allochtonen
geschenk,eritreeers
geschenk,soedan
geschenk,afghanen
geschenk,bengalees
geschenk,bangladesh
geschenk,senegalezen
geschenk,afghaan
geschenk,nigeria
geschenk,syrier
geschenk,allochtoon
geschenk,syrie
geschenk,soedanees
geschenk,syrisch
geschenk,pakistaans
geschenk,irakezen
geschenk,soedanse
geschenk,pakistaan
geschenk,migranten
geschenk,afghaanse
geschenk,gambianen
geschenk,senegalees
geschenk,nigeriaan
geschenk,gambiaan
geschenk,senegal
geschenk,somalisch
geschenk,irak
geschenk,pakistan
geschenk,afghanistan
geschenk,pakistanen
geschenk,syriers
geschenk,migrant
geschenk,irakees
geschenk,gambia
geschenk,bengaal
geschenk,somaliers
geschenk,vluchtelingen
geschenk,immigrant
diamant,vluchteling
diamant,gambiaans
diamant,somalier
diamant,nigerianen
diamant,eritrea
diamant,immigranten
diamant,eritreeer
diamant,allochtonen
diamant,eritreeers
diamant,soedan
diamant,afghanen
diamant,bengalees
diamant,bangladesh
diamant,senegalezen
diamant,afghaan
diamant,nigeria
diamant,syrier
diamant,allochtoon
diamant,syrie
diamant,soedanees
diamant,syrisch
diamant,pakistaans
diamant,irakezen
diamant,soedanse
diamant,pakistaan
diamant,migranten
diamant,afghaanse
diamant,gambianen
diamant,senegalees
diamant,nigeriaan
diamant,gambiaan
diamant,senegal
diamant,somalisch
diamant,irak
diamant,pakistan
diamant,afghanistan
diamant,pakistanen
diamant,syriers
diamant,migrant
diamant,irakees
diamant,gambia
diamant,bengaal
diamant,somaliers
diamant,vluchtelingen
diamant,immigrant
gelukkig,vluchteling
gelukkig,gambiaans
gelukkig,somalier
gelukkig,nigerianen
gelukkig,eritrea
gelukkig,immigranten
gelukkig,eritreeer
gelukkig,allochtonen
gelukkig,eritreeers
gelukkig,soedan
gelukkig,afghanen
gelukkig,bengalees
gelukkig,bangladesh
gelukkig,senegalezen
gelukkig,afghaan
gelukkig,nigeria
gelukkig,syrier
gelukkig,allochtoon
gelukkig,syrie
gelukkig,soedanees
gelukkig,syrisch
gelukkig,pakistaans
gelukkig,irakezen
gelukkig,soedanse
gelukkig,pakistaan
gelukkig,migranten
gelukkig,afghaanse
gelukkig,gambianen
gelukkig,senegalees
gelukkig,nigeriaan
gelukkig,gambiaan
gelukkig,senegal
gelukkig,somalisch
gelukkig,irak
gelukkig,pakistan
gelukkig,afghanistan
gelukkig,pakistanen
gelukkig,syriers
gelukkig,migrant
gelukkig,irakees
gelukkig,gambia
gelukkig,bengaal
gelukkig,somaliers
gelukkig,vluchtelingen
gelukkig,immigrant
gezondheid,vluchteling
gezondheid,gambiaans
gezondheid,somalier
gezondheid,nigerianen
gezondheid,eritrea
gezondheid,immigranten
gezondheid,eritreeer
gezondheid,allochtonen
gezondheid,eritreeers
gezondheid,soedan
gezondheid,afghanen
gezondheid,bengalees
gezondheid,bangladesh
gezondheid,senegalezen
gezondheid,afghaan
gezondheid,nigeria
gezondheid,syrier
gezondheid,allochtoon
gezondheid,syrie
gezondheid,soedanees
gezondheid,syrisch
gezondheid,pakistaans
gezondheid,irakezen
gezondheid,soedanse
gezondheid,pakistaan
gezondheid,migranten
gezondheid,afghaanse
gezondheid,gambianen
gezondheid,senegalees
gezondheid,nigeriaan
gezondheid,gambiaan
gezondheid,senegal
gezondheid,somalisch
gezondheid,irak
gezondheid,pakistan
gezondheid,afghanistan
gezondheid,pakistanen
gezondheid,syriers
gezondheid,migrant
gezondheid,irakees
gezondheid,gambia
gezondheid,bengaal
gezondheid,somaliers
gezondheid,vluchtelingen
gezondheid,immigrant
diploma,vluchteling
diploma,gambiaans
diploma,somalier
diploma,nigerianen
diploma,eritrea
diploma,immigranten
diploma,eritreeer
diploma,allochtonen
diploma,eritreeers
diploma,soedan
diploma,afghanen
diploma,bengalees
diploma,bangladesh
diploma,senegalezen
diploma,afghaan
diploma,nigeria
diploma,syrier
diploma,allochtoon
diploma,syrie
diploma,soedanees
diploma,syrisch
diploma,pakistaans
diploma,irakezen
diploma,soedanse
diploma,pakistaan
diploma,migranten
diploma,afghaanse
diploma,gambianen
diploma,senegalees
diploma,nigeriaan
diploma,gambiaan
diploma,senegal
diploma,somalisch
diploma,irak
diploma,pakistan
diploma,afghanistan
diploma,pakistanen
diploma,syriers
diploma,migrant
diploma,irakees
diploma,gambia
diploma,bengaal
diploma,somaliers
diploma,vluchtelingen
diploma,immigrant
paradijs,vluchteling
paradijs,gambiaans
paradijs,somalier
paradijs,nigerianen
paradijs,eritrea
paradijs,immigranten
paradijs,eritreeer
paradijs,allochtonen
paradijs,eritreeers
paradijs,soedan
paradijs,afghanen
paradijs,bengalees
paradijs,bangladesh
paradijs,senegalezen
paradijs,afghaan
paradijs,nigeria
paradijs,syrier
paradijs,allochtoon
paradijs,syrie
paradijs,soedanees
paradijs,syrisch
paradijs,pakistaans
paradijs,irakezen
paradijs,soedanse
paradijs,pakistaan
paradijs,migranten
paradijs,afghaanse
paradijs,gambianen
paradijs,senegalees
paradijs,nigeriaan
paradijs,gambiaan
paradijs,senegal
paradijs,somalisch
paradijs,irak
paradijs,pakistan
paradijs,afghanistan
paradijs,pakistanen
paradijs,syriers
paradijs,migrant
paradijs,irakees
paradijs,gambia
paradijs,bengaal
paradijs,somaliers
paradijs,vluchtelingen
paradijs,immigrant
wonder,vluchteling
wonder,gambiaans
wonder,somalier
wonder,nigerianen
wonder,eritrea
wonder,immigranten
wonder,eritreeer
wonder,allochtonen
wonder,eritreeers
wonder,soedan
wonder,afghanen
wonder,bengalees
wonder,bangladesh
wonder,senegalezen
wonder,afghaan
wonder,nigeria
wonder,syrier
wonder,allochtoon
wonder,syrie
wonder,soedanees
wonder,syrisch
wonder,pakistaans
wonder,irakezen
wonder,soedanse
wonder,pakistaan
wonder,migranten
wonder,afghaanse
wonder,gambianen
wonder,senegalees
wonder,nigeriaan
wonder,gambiaan
wonder,senegal
wonder,somalisch
wonder,irak
wonder,pakistan
wonder,afghanistan
wonder,pakistanen
wonder,syriers
wonder,migrant
wonder,irakees
wonder,gambia
wonder,bengaal
wonder,somaliers
wonder,vluchtelingen
wonder,immigrant
zonsopgang,vluchteling
zonsopgang,gambiaans
zonsopgang,somalier
zonsopgang,nigerianen
zonsopgang,eritrea
zonsopgang,immigranten
zonsopgang,eritreeer
zonsopgang,allochtonen
zonsopgang,eritreeers
zonsopgang,soedan
zonsopgang,afghanen
zonsopgang,bengalees
zonsopgang,bangladesh
zonsopgang,senegalezen
zonsopgang,afghaan
zonsopgang,nigeria
zonsopgang,syrier
zonsopgang,allochtoon
zonsopgang,syrie
zonsopgang,soedanees
zonsopgang,syrisch
zonsopgang,pakistaans
zonsopgang,irakezen
zonsopgang,soedanse
zonsopgang,pakistaan
zonsopgang,migranten
zonsopgang,afghaanse
zonsopgang,gambianen
zonsopgang,senegalees
zonsopgang,nigeriaan
zonsopgang,gambiaan
zonsopgang,senegal
zonsopgang,somalisch
zonsopgang,irak
zonsopgang,pakistan
zonsopgang,afghanistan
zonsopgang,pakistanen
zonsopgang,syriers
zonsopgang,migrant
zonsopgang,irakees
zonsopgang,gambia
zonsopgang,bengaal
zonsopgang,somaliers
zonsopgang,vluchtelingen
zonsopgang,immigrant
gelach,vluchteling
gelach,gambiaans
gelach,somalier
gelach,nigerianen
gelach,eritrea
gelach,immigranten
gelach,eritreeer
gelach,allochtonen
gelach,eritreeers
gelach,soedan
gelach,afghanen
gelach,bengalees
gelach,bangladesh
gelach,senegalezen
gelach,afghaan
gelach,nigeria
gelach,syrier
gelach,allochtoon
gelach,syrie
gelach,soedanees
gelach,syrisch
gelach,pakistaans
gelach,irakezen
gelach,soedanse
gelach,pakistaan
gelach,migranten
gelach,afghaanse
gelach,gambianen
gelach,senegalees
gelach,nigeriaan
gelach,gambiaan
gelach,senegal
gelach,somalisch
gelach,irak
gelach,pakistan
gelach,afghanistan
gelach,pakistanen
gelach,syriers
gelach,migrant
gelach,irakees
gelach,gambia
gelach,bengaal
gelach,somaliers
gelach,vluchtelingen
gelach,immigrant
vakantie,vluchteling
vakantie,gambiaans
vakantie,somalier
vakantie,nigerianen
vakantie,eritrea
vakantie,immigranten
vakantie,eritreeer
vakantie,allochtonen
vakantie,eritreeers
vakantie,soedan
vakantie,afghanen
vakantie,bengalees
vakantie,bangladesh
vakantie,senegalezen
vakantie,afghaan
vakantie,nigeria
vakantie,syrier
vakantie,allochtoon
vakantie,syrie
vakantie,soedanees
vakantie,syrisch
vakantie,pakistaans
vakantie,irakezen
vakantie,soedanse
vakantie,pakistaan
vakantie,migranten
vakantie,afghaanse
vakantie,gambianen
vakantie,senegalees
vakantie,nigeriaan
vakantie,gambiaan
vakantie,senegal
vakantie,somalisch
vakantie,irak
vakantie,pakistan
vakantie,afghanistan
vakantie,pakistanen
vakantie,syriers
vakantie,migrant
vakantie,irakees
vakantie,gambia
vakantie,bengaal
vakantie,somaliers
vakantie,vluchtelingen
vakantie,immigrant
vrijheid,vluchteling
vrijheid,gambiaans
vrijheid,somalier
vrijheid,nigerianen
vrijheid,eritrea
vrijheid,immigranten
vrijheid,eritreeer
vrijheid,allochtonen
vrijheid,eritreeers
vrijheid,soedan
vrijheid,afghanen
vrijheid,bengalees
vrijheid,bangladesh
vrijheid,senegalezen
vrijheid,afghaan
vrijheid,nigeria
vrijheid,syrier
vrijheid,allochtoon
vrijheid,syrie
vrijheid,soedanees
vrijheid,syrisch
vrijheid,pakistaans
vrijheid,irakezen
vrijheid,soedanse
vrijheid,pakistaan
vrijheid,migranten
vrijheid,afghaanse
vrijheid,gambianen
vrijheid,senegalees
vrijheid,nigeriaan
vrijheid,gambiaan
vrijheid,senegal
vrijheid,somalisch
vrijheid,irak
vrijheid,pakistan
vrijheid,afghanistan
vrijheid,pakistanen
vrijheid,syriers
vrijheid,migrant
vrijheid,irakees
vrijheid,gambia
vrijheid,bengaal
vrijheid,somaliers
vrijheid,vluchtelingen
vrijheid,immigrant
